[2025-08-11T04:28:26.712Z] TypeError: Cannot read properties of undefined (reading 'fetch')
    at Timeout._onTimeout (C:\dark-warriors-bot\index.js:79:48)
    at process.processTicksAndRejections (node:internal/process/task_queues:105:5)
[2025-08-11T04:28:26.567Z] TypeError: Cannot read properties of undefined (reading 'fetch')
    at Timeout._onTimeout (C:\dark-warriors-bot\index.js:79:48)
    at process.processTicksAndRejections (node:internal/process/task_queues:105:5)
[2025-08-11T04:28:26.728Z] TypeError: Cannot read properties of undefined (reading 'fetch')
    at Timeout._onTimeout (C:\dark-warriors-bot\index.js:79:48)
    at process.processTicksAndRejections (node:internal/process/task_queues:105:5)
[2025-08-11T04:28:26.713Z] TypeError: Cannot read properties of undefined (reading 'fetch')
    at Timeout._onTimeout (C:\dark-warriors-bot\index.js:79:48)
    at process.processTicksAndRejections (node:internal/process/task_queues:105:5)
[2025-08-11T04:28:26.725Z] TypeError: Cannot read properties of undefined (reading 'fetch')
    at Timeout._onTimeout (C:\dark-warriors-bot\index.js:79:48)
    at process.processTicksAndRejections (node:internal/process/task_queues:105:5)
[2025-08-11T04:28:26.732Z] TypeError: Cannot read properties of undefined (reading 'fetch')
    at Timeout._onTimeout (C:\dark-warriors-bot\index.js:79:48)
    at process.processTicksAndRejections (node:internal/process/task_queues:105:5)
[2025-08-11T04:28:26.730Z] TypeError: Cannot read properties of undefined (reading 'fetch')
    at Timeout._onTimeout (C:\dark-warriors-bot\index.js:79:48)
    at process.processTicksAndRejections (node:internal/process/task_queues:105:5)
[2025-08-11T04:31:43.132Z] TypeError: event.fetchUsers is not a function
    at Timeout._onTimeout (C:\dark-warriors-bot\index.js:78:42)
    at process.processTicksAndRejections (node:internal/process/task_queues:105:5)
[2025-08-11T04:31:43.138Z] TypeError: event.fetchUsers is not a function
    at Timeout._onTimeout (C:\dark-warriors-bot\index.js:78:42)
    at process.processTicksAndRejections (node:internal/process/task_queues:105:5)
[2025-08-11T04:31:43.140Z] TypeError: event.fetchUsers is not a function
    at Timeout._onTimeout (C:\dark-warriors-bot\index.js:78:42)
    at process.processTicksAndRejections (node:internal/process/task_queues:105:5)
[2025-08-11T04:31:43.142Z] TypeError: event.fetchUsers is not a function
    at Timeout._onTimeout (C:\dark-warriors-bot\index.js:78:42)
    at process.processTicksAndRejections (node:internal/process/task_queues:105:5)
[2025-08-11T04:31:43.146Z] TypeError: event.fetchUsers is not a function
    at Timeout._onTimeout (C:\dark-warriors-bot\index.js:78:42)
    at process.processTicksAndRejections (node:internal/process/task_queues:105:5)
[2025-08-11T04:31:43.144Z] TypeError: event.fetchUsers is not a function
    at Timeout._onTimeout (C:\dark-warriors-bot\index.js:78:42)
    at process.processTicksAndRejections (node:internal/process/task_queues:105:5)
[2025-08-11T04:31:43.148Z] TypeError: event.fetchUsers is not a function
    at Timeout._onTimeout (C:\dark-warriors-bot\index.js:78:42)
    at process.processTicksAndRejections (node:internal/process/task_queues:105:5)
[2025-08-11T04:34:34.561Z] TypeError: Cannot read properties of undefined (reading 'fetch')
    at Timeout._onTimeout (C:\dark-warriors-bot\index.js:78:50)
    at process.processTicksAndRejections (node:internal/process/task_queues:105:5)
[2025-08-11T04:34:34.610Z] TypeError: Cannot read properties of undefined (reading 'fetch')
    at Timeout._onTimeout (C:\dark-warriors-bot\index.js:78:50)
    at process.processTicksAndRejections (node:internal/process/task_queues:105:5)
[2025-08-11T04:34:34.609Z] TypeError: Cannot read properties of undefined (reading 'fetch')
    at Timeout._onTimeout (C:\dark-warriors-bot\index.js:78:50)
    at process.processTicksAndRejections (node:internal/process/task_queues:105:5)
[2025-08-11T04:34:34.611Z] TypeError: Cannot read properties of undefined (reading 'fetch')
    at Timeout._onTimeout (C:\dark-warriors-bot\index.js:78:50)
    at process.processTicksAndRejections (node:internal/process/task_queues:105:5)
[2025-08-11T04:34:34.612Z] TypeError: Cannot read properties of undefined (reading 'fetch')
    at Timeout._onTimeout (C:\dark-warriors-bot\index.js:78:50)
    at process.processTicksAndRejections (node:internal/process/task_queues:105:5)
[2025-08-11T04:34:34.610Z] TypeError: Cannot read properties of undefined (reading 'fetch')
    at Timeout._onTimeout (C:\dark-warriors-bot\index.js:78:50)
    at process.processTicksAndRejections (node:internal/process/task_queues:105:5)
[2025-08-11T04:34:34.612Z] TypeError: Cannot read properties of undefined (reading 'fetch')
    at Timeout._onTimeout (C:\dark-warriors-bot\index.js:78:50)
    at process.processTicksAndRejections (node:internal/process/task_queues:105:5)
[2025-08-11T04:35:34.452Z] TypeError: Cannot read properties of undefined (reading 'fetch')
    at Timeout._onTimeout (C:\dark-warriors-bot\index.js:78:50)
    at process.processTicksAndRejections (node:internal/process/task_queues:105:5)
[2025-08-11T04:35:34.455Z] TypeError: Cannot read properties of undefined (reading 'fetch')
    at Timeout._onTimeout (C:\dark-warriors-bot\index.js:78:50)
    at process.processTicksAndRejections (node:internal/process/task_queues:105:5)
[2025-08-11T04:35:34.456Z] TypeError: Cannot read properties of undefined (reading 'fetch')
    at Timeout._onTimeout (C:\dark-warriors-bot\index.js:78:50)
    at process.processTicksAndRejections (node:internal/process/task_queues:105:5)
[2025-08-11T04:35:34.457Z] TypeError: Cannot read properties of undefined (reading 'fetch')
    at Timeout._onTimeout (C:\dark-warriors-bot\index.js:78:50)
    at process.processTicksAndRejections (node:internal/process/task_queues:105:5)
[2025-08-11T04:35:34.458Z] TypeError: Cannot read properties of undefined (reading 'fetch')
    at Timeout._onTimeout (C:\dark-warriors-bot\index.js:78:50)
    at process.processTicksAndRejections (node:internal/process/task_queues:105:5)
[2025-08-11T04:35:34.459Z] TypeError: Cannot read properties of undefined (reading 'fetch')
    at Timeout._onTimeout (C:\dark-warriors-bot\index.js:78:50)
    at process.processTicksAndRejections (node:internal/process/task_queues:105:5)
[2025-08-11T04:35:34.459Z] TypeError: Cannot read properties of undefined (reading 'fetch')
    at Timeout._onTimeout (C:\dark-warriors-bot\index.js:78:50)
    at process.processTicksAndRejections (node:internal/process/task_queues:105:5)
[2025-08-11T04:38:34.008Z] TypeError: user.send is not a function
    at Timeout._onTimeout (C:\dark-warriors-bot\index.js:123:28)
    at process.processTicksAndRejections (node:internal/process/task_queues:105:5)
[2025-08-11T04:38:34.010Z] TypeError: user.send is not a function
    at Timeout._onTimeout (C:\dark-warriors-bot\index.js:123:28)
    at process.processTicksAndRejections (node:internal/process/task_queues:105:5)
[2025-08-11T17:29:04.505Z] DiscordAPIError[50007]: Cannot send messages to this user
    at handleErrors (C:\dark-warriors-bot\node_modules\@discordjs\rest\dist\index.js:748:13)
    at process.processTicksAndRejections (node:internal/process/task_queues:105:5)
    at async SequentialHandler.runRequest (C:\dark-warriors-bot\node_modules\@discordjs\rest\dist\index.js:1149:23)
    at async SequentialHandler.queueRequest (C:\dark-warriors-bot\node_modules\@discordjs\rest\dist\index.js:980:14)
    at async _REST.request (C:\dark-warriors-bot\node_modules\@discordjs\rest\dist\index.js:1293:22)
    at async DMChannel.send (C:\dark-warriors-bot\node_modules\discord.js\src\structures\interfaces\TextBasedChannel.js:195:15)
    at async Timeout._onTimeout (C:\dark-warriors-bot\index.js:110:19)
[2025-08-11T18:30:19.936Z] DiscordAPIError[50007]: Cannot send messages to this user
    at handleErrors (C:\dark-warriors-bot\node_modules\@discordjs\rest\dist\index.js:748:13)
    at process.processTicksAndRejections (node:internal/process/task_queues:105:5)
    at async SequentialHandler.runRequest (C:\dark-warriors-bot\node_modules\@discordjs\rest\dist\index.js:1149:23)
    at async SequentialHandler.queueRequest (C:\dark-warriors-bot\node_modules\@discordjs\rest\dist\index.js:980:14)
    at async _REST.request (C:\dark-warriors-bot\node_modules\@discordjs\rest\dist\index.js:1293:22)
    at async DMChannel.send (C:\dark-warriors-bot\node_modules\discord.js\src\structures\interfaces\TextBasedChannel.js:195:15)
    at async Timeout._onTimeout (C:\dark-warriors-bot\index.js:146:17)
[2025-08-11T20:56:24.276Z] DiscordAPIError[50007]: Cannot send messages to this user
    at handleErrors (C:\dark-warriors-bot\node_modules\@discordjs\rest\dist\index.js:748:13)
    at process.processTicksAndRejections (node:internal/process/task_queues:105:5)
    at async SequentialHandler.runRequest (C:\dark-warriors-bot\node_modules\@discordjs\rest\dist\index.js:1149:23)
    at async SequentialHandler.queueRequest (C:\dark-warriors-bot\node_modules\@discordjs\rest\dist\index.js:980:14)
    at async _REST.request (C:\dark-warriors-bot\node_modules\@discordjs\rest\dist\index.js:1293:22)
    at async DMChannel.send (C:\dark-warriors-bot\node_modules\discord.js\src\structures\interfaces\TextBasedChannel.js:195:15)
    at async Timeout._onTimeout (C:\dark-warriors-bot\index.js:146:17)
[2025-08-11T21:25:51.582Z] ReferenceError: getBalance is not defined
    at Object.execute (C:\dark-warriors-bot\commands\balance.js:5:21)
    at Client.<anonymous> (C:\dark-warriors-bot\index.js:235:21)
    at Client.emit (node:events:518:28)
    at MessageCreateAction.handle (C:\dark-warriors-bot\node_modules\discord.js\src\client\actions\MessageCreate.js:32:14)
    at module.exports [as MESSAGE_CREATE] (C:\dark-warriors-bot\node_modules\discord.js\src\client\websocket\handlers\MESSAGE_CREATE.js:4:32)
    at WebSocketManager.handlePacket (C:\dark-warriors-bot\node_modules\discord.js\src\client\websocket\WebSocketManager.js:351:31)
    at WebSocketManager.<anonymous> (C:\dark-warriors-bot\node_modules\discord.js\src\client\websocket\WebSocketManager.js:235:12)
    at WebSocketManager.emit (C:\dark-warriors-bot\node_modules\@vladfrangu\async_event_emitter\dist\index.cjs:287:31)
    at WebSocketShard.<anonymous> (C:\dark-warriors-bot\node_modules\@discordjs\ws\dist\index.js:1190:51)
    at WebSocketShard.emit (C:\dark-warriors-bot\node_modules\@vladfrangu\async_event_emitter\dist\index.cjs:287:31)
[2025-08-12T20:28:21.000Z] DiscordAPIError[50007]: Cannot send messages to this user
    at handleErrors (C:\dark-warriors-bot\node_modules\@discordjs\rest\dist\index.js:748:13)
    at process.processTicksAndRejections (node:internal/process/task_queues:105:5)
    at async SequentialHandler.runRequest (C:\dark-warriors-bot\node_modules\@discordjs\rest\dist\index.js:1149:23)
    at async SequentialHandler.queueRequest (C:\dark-warriors-bot\node_modules\@discordjs\rest\dist\index.js:980:14)
    at async _REST.request (C:\dark-warriors-bot\node_modules\@discordjs\rest\dist\index.js:1293:22)
    at async DMChannel.send (C:\dark-warriors-bot\node_modules\discord.js\src\structures\interfaces\TextBasedChannel.js:195:15)
    at async Timeout._onTimeout (C:\dark-warriors-bot\index.js:196:17)
[2025-08-12T21:30:16.657Z] DiscordAPIError[50007]: Cannot send messages to this user
    at handleErrors (C:\dark-warriors-bot\node_modules\@discordjs\rest\dist\index.js:748:13)
    at process.processTicksAndRejections (node:internal/process/task_queues:105:5)
    at async SequentialHandler.runRequest (C:\dark-warriors-bot\node_modules\@discordjs\rest\dist\index.js:1149:23)
    at async SequentialHandler.queueRequest (C:\dark-warriors-bot\node_modules\@discordjs\rest\dist\index.js:980:14)
    at async _REST.request (C:\dark-warriors-bot\node_modules\@discordjs\rest\dist\index.js:1293:22)
    at async DMChannel.send (C:\dark-warriors-bot\node_modules\discord.js\src\structures\interfaces\TextBasedChannel.js:195:15)
    at async Timeout._onTimeout (C:\dark-warriors-bot\index.js:217:15)
[2025-08-13T17:28:12.452Z] DiscordAPIError[50007]: Cannot send messages to this user
    at handleErrors (C:\dark-warriors-bot\node_modules\@discordjs\rest\dist\index.js:748:13)
    at process.processTicksAndRejections (node:internal/process/task_queues:105:5)
    at async SequentialHandler.runRequest (C:\dark-warriors-bot\node_modules\@discordjs\rest\dist\index.js:1149:23)
    at async SequentialHandler.queueRequest (C:\dark-warriors-bot\node_modules\@discordjs\rest\dist\index.js:980:14)
    at async _REST.request (C:\dark-warriors-bot\node_modules\@discordjs\rest\dist\index.js:1293:22)
    at async DMChannel.send (C:\dark-warriors-bot\node_modules\discord.js\src\structures\interfaces\TextBasedChannel.js:195:15)
    at async Timeout._onTimeout (C:\dark-warriors-bot\index.js:196:17)
[2025-08-13T17:49:28.758Z] ConnectTimeoutError: Connect Timeout Error (attempted addresses: 162.159.138.232:443, 162.159.128.233:443, 162.159.135.232:443, 162.159.136.232:443, 162.159.137.232:443, timeout: 10000ms)
    at onConnectTimeout (C:\dark-warriors-bot\node_modules\undici\lib\core\connect.js:237:24)
    at Immediate._onImmediate (C:\dark-warriors-bot\node_modules\undici\lib\core\connect.js:188:35)
    at process.processImmediate (node:internal/timers:485:21)
[2025-08-13T17:50:13.881Z] ConnectTimeoutError: Connect Timeout Error (attempted addresses: 162.159.138.232:443, 162.159.128.233:443, 162.159.135.232:443, 162.159.137.232:443, 162.159.136.232:443, timeout: 10000ms)
    at onConnectTimeout (C:\dark-warriors-bot\node_modules\undici\lib\core\connect.js:237:24)
    at Immediate._onImmediate (C:\dark-warriors-bot\node_modules\undici\lib\core\connect.js:188:35)
    at process.processImmediate (node:internal/timers:485:21)
[2025-08-13T17:52:13.891Z] ConnectTimeoutError: Connect Timeout Error (attempted addresses: 162.159.128.233:443, 162.159.136.232:443, 162.159.138.232:443, 162.159.137.232:443, 162.159.135.232:443, timeout: 10000ms)
    at onConnectTimeout (C:\dark-warriors-bot\node_modules\undici\lib\core\connect.js:237:24)
    at Immediate._onImmediate (C:\dark-warriors-bot\node_modules\undici\lib\core\connect.js:188:35)
    at process.processImmediate (node:internal/timers:485:21)
[2025-08-13T17:53:26.868Z] ConnectTimeoutError: Connect Timeout Error (attempted addresses: 162.159.128.233:443, 162.159.136.232:443, 162.159.138.232:443, 162.159.137.232:443, 162.159.135.232:443, timeout: 10000ms)
    at onConnectTimeout (C:\dark-warriors-bot\node_modules\undici\lib\core\connect.js:237:24)
    at Immediate._onImmediate (C:\dark-warriors-bot\node_modules\undici\lib\core\connect.js:188:35)
    at process.processImmediate (node:internal/timers:485:21)
[2025-08-13T17:53:48.455Z] ConnectTimeoutError: Connect Timeout Error (attempted addresses: 162.159.128.233:443, 162.159.136.232:443, 162.159.138.232:443, 162.159.137.232:443, 162.159.135.232:443, timeout: 10000ms)
    at onConnectTimeout (C:\dark-warriors-bot\node_modules\undici\lib\core\connect.js:237:24)
    at Immediate._onImmediate (C:\dark-warriors-bot\node_modules\undici\lib\core\connect.js:188:35)
    at process.processImmediate (node:internal/timers:485:21)
[2025-08-13T17:53:59.284Z] ConnectTimeoutError: Connect Timeout Error (attempted addresses: 162.159.128.233:443, 162.159.136.232:443, 162.159.138.232:443, 162.159.137.232:443, 162.159.135.232:443, timeout: 10000ms)
    at onConnectTimeout (C:\dark-warriors-bot\node_modules\undici\lib\core\connect.js:237:24)
    at Immediate._onImmediate (C:\dark-warriors-bot\node_modules\undici\lib\core\connect.js:188:35)
    at process.processImmediate (node:internal/timers:485:21)
[2025-08-13T17:54:36.492Z] ConnectTimeoutError: Connect Timeout Error (attempted addresses: 162.159.128.233:443, 162.159.136.232:443, 162.159.138.232:443, 162.159.137.232:443, 162.159.135.232:443, timeout: 10000ms)
    at onConnectTimeout (C:\dark-warriors-bot\node_modules\undici\lib\core\connect.js:237:24)
    at Immediate._onImmediate (C:\dark-warriors-bot\node_modules\undici\lib\core\connect.js:188:35)
    at process.processImmediate (node:internal/timers:485:21)
[2025-08-13T17:55:25.971Z] ConnectTimeoutError: Connect Timeout Error (attempted addresses: 162.159.128.233:443, 162.159.136.232:443, 162.159.138.232:443, 162.159.137.232:443, 162.159.135.232:443, timeout: 10000ms)
    at onConnectTimeout (C:\dark-warriors-bot\node_modules\undici\lib\core\connect.js:237:24)
    at Immediate._onImmediate (C:\dark-warriors-bot\node_modules\undici\lib\core\connect.js:188:35)
    at process.processImmediate (node:internal/timers:485:21)
[2025-08-13T17:56:15.913Z] ConnectTimeoutError: Connect Timeout Error (attempted addresses: 162.159.128.233:443, 162.159.138.232:443, 162.159.135.232:443, 162.159.137.232:443, 162.159.136.232:443, timeout: 10000ms)
    at onConnectTimeout (C:\dark-warriors-bot\node_modules\undici\lib\core\connect.js:237:24)
    at Immediate._onImmediate (C:\dark-warriors-bot\node_modules\undici\lib\core\connect.js:188:35)
    at process.processImmediate (node:internal/timers:485:21)
[2025-08-13T17:56:26.997Z] ConnectTimeoutError: Connect Timeout Error (attempted addresses: 162.159.128.233:443, 162.159.138.232:443, 162.159.135.232:443, 162.159.137.232:443, 162.159.136.232:443, timeout: 10000ms)
    at onConnectTimeout (C:\dark-warriors-bot\node_modules\undici\lib\core\connect.js:237:24)
    at Immediate._onImmediate (C:\dark-warriors-bot\node_modules\undici\lib\core\connect.js:188:35)
    at process.processImmediate (node:internal/timers:485:21)
[2025-08-13T17:56:37.725Z] ConnectTimeoutError: Connect Timeout Error (attempted addresses: 162.159.128.233:443, 162.159.138.232:443, 162.159.135.232:443, 162.159.137.232:443, 162.159.136.232:443, timeout: 10000ms)
    at onConnectTimeout (C:\dark-warriors-bot\node_modules\undici\lib\core\connect.js:237:24)
    at Immediate._onImmediate (C:\dark-warriors-bot\node_modules\undici\lib\core\connect.js:188:35)
    at process.processImmediate (node:internal/timers:485:21)
[2025-08-13T18:30:11.646Z] DiscordAPIError[50007]: Cannot send messages to this user
    at handleErrors (C:\dark-warriors-bot\node_modules\@discordjs\rest\dist\index.js:748:13)
    at process.processTicksAndRejections (node:internal/process/task_queues:105:5)
    at async SequentialHandler.runRequest (C:\dark-warriors-bot\node_modules\@discordjs\rest\dist\index.js:1149:23)
    at async SequentialHandler.queueRequest (C:\dark-warriors-bot\node_modules\@discordjs\rest\dist\index.js:980:14)
    at async _REST.request (C:\dark-warriors-bot\node_modules\@discordjs\rest\dist\index.js:1293:22)
    at async DMChannel.send (C:\dark-warriors-bot\node_modules\discord.js\src\structures\interfaces\TextBasedChannel.js:195:15)
    at async Timeout._onTimeout (C:\dark-warriors-bot\index.js:217:15)
[2025-08-14T01:36:49.605Z] Error: Received one or more errors
    at _ArrayValidator.handle (C:\dark-warriors-bot\node_modules\@sapphire\shapeshift\dist\cjs\index.cjs:1254:70)
    at _ArrayValidator.parse (C:\dark-warriors-bot\node_modules\@sapphire\shapeshift\dist\cjs\index.cjs:972:90)
    at EmbedBuilder.addFields (C:\dark-warriors-bot\node_modules\@discordjs\builders\dist\index.js:235:31)
    at Object.execute (C:\dark-warriors-bot\commands\help.js:28:14)
    at Client.<anonymous> (C:\dark-warriors-bot\index.js:298:21)
    at Client.emit (node:events:518:28)
    at MessageCreateAction.handle (C:\dark-warriors-bot\node_modules\discord.js\src\client\actions\MessageCreate.js:32:14)
    at module.exports [as MESSAGE_CREATE] (C:\dark-warriors-bot\node_modules\discord.js\src\client\websocket\handlers\MESSAGE_CREATE.js:4:32)
    at WebSocketManager.handlePacket (C:\dark-warriors-bot\node_modules\discord.js\src\client\websocket\WebSocketManager.js:351:31)
    at WebSocketManager.<anonymous> (C:\dark-warriors-bot\node_modules\discord.js\src\client\websocket\WebSocketManager.js:235:12)
[2025-08-14T01:37:26.143Z] Error: Received one or more errors
    at _ArrayValidator.handle (C:\dark-warriors-bot\node_modules\@sapphire\shapeshift\dist\cjs\index.cjs:1254:70)
    at _ArrayValidator.parse (C:\dark-warriors-bot\node_modules\@sapphire\shapeshift\dist\cjs\index.cjs:972:90)
    at EmbedBuilder.addFields (C:\dark-warriors-bot\node_modules\@discordjs\builders\dist\index.js:235:31)
    at Object.execute (C:\dark-warriors-bot\commands\help.js:28:14)
    at Client.<anonymous> (C:\dark-warriors-bot\index.js:298:21)
    at Client.emit (node:events:518:28)
    at MessageCreateAction.handle (C:\dark-warriors-bot\node_modules\discord.js\src\client\actions\MessageCreate.js:32:14)
    at module.exports [as MESSAGE_CREATE] (C:\dark-warriors-bot\node_modules\discord.js\src\client\websocket\handlers\MESSAGE_CREATE.js:4:32)
    at WebSocketManager.handlePacket (C:\dark-warriors-bot\node_modules\discord.js\src\client\websocket\WebSocketManager.js:351:31)
    at WebSocketManager.<anonymous> (C:\dark-warriors-bot\node_modules\discord.js\src\client\websocket\WebSocketManager.js:235:12)
[2025-08-17T17:29:57.689Z] DiscordAPIError[50007]: Cannot send messages to this user
    at handleErrors (C:\dark-warriors-bot\node_modules\@discordjs\rest\dist\index.js:748:13)
    at process.processTicksAndRejections (node:internal/process/task_queues:105:5)
    at async SequentialHandler.runRequest (C:\dark-warriors-bot\node_modules\@discordjs\rest\dist\index.js:1149:23)
    at async SequentialHandler.queueRequest (C:\dark-warriors-bot\node_modules\@discordjs\rest\dist\index.js:980:14)
    at async _REST.request (C:\dark-warriors-bot\node_modules\@discordjs\rest\dist\index.js:1293:22)
    at async DMChannel.send (C:\dark-warriors-bot\node_modules\discord.js\src\structures\interfaces\TextBasedChannel.js:195:15)
    at async Timeout._onTimeout (C:\dark-warriors-bot\index.js:196:17)
[2025-08-17T17:29:59.477Z] DiscordAPIError[50007]: Cannot send messages to this user
    at handleErrors (C:\dark-warriors-bot\node_modules\@discordjs\rest\dist\index.js:748:13)
    at process.processTicksAndRejections (node:internal/process/task_queues:105:5)
    at async SequentialHandler.runRequest (C:\dark-warriors-bot\node_modules\@discordjs\rest\dist\index.js:1149:23)
    at async SequentialHandler.queueRequest (C:\dark-warriors-bot\node_modules\@discordjs\rest\dist\index.js:980:14)
    at async _REST.request (C:\dark-warriors-bot\node_modules\@discordjs\rest\dist\index.js:1293:22)
    at async DMChannel.send (C:\dark-warriors-bot\node_modules\discord.js\src\structures\interfaces\TextBasedChannel.js:195:15)
    at async Timeout._onTimeout (C:\dark-warriors-bot\index.js:196:17)
[2025-08-17T17:29:59.991Z] DiscordAPIError[50007]: Cannot send messages to this user
    at handleErrors (C:\dark-warriors-bot\node_modules\@discordjs\rest\dist\index.js:748:13)
    at process.processTicksAndRejections (node:internal/process/task_queues:105:5)
    at async SequentialHandler.runRequest (C:\dark-warriors-bot\node_modules\@discordjs\rest\dist\index.js:1149:23)
    at async SequentialHandler.queueRequest (C:\dark-warriors-bot\node_modules\@discordjs\rest\dist\index.js:980:14)
    at async _REST.request (C:\dark-warriors-bot\node_modules\@discordjs\rest\dist\index.js:1293:22)
    at async DMChannel.send (C:\dark-warriors-bot\node_modules\discord.js\src\structures\interfaces\TextBasedChannel.js:195:15)
    at async Timeout._onTimeout (C:\dark-warriors-bot\index.js:196:17)
[2025-08-17T17:30:35.211Z] DiscordAPIError[50007]: Cannot send messages to this user
    at handleErrors (C:\dark-warriors-bot\node_modules\@discordjs\rest\dist\index.js:748:13)
    at process.processTicksAndRejections (node:internal/process/task_queues:105:5)
    at async SequentialHandler.runRequest (C:\dark-warriors-bot\node_modules\@discordjs\rest\dist\index.js:1149:23)
    at async SequentialHandler.queueRequest (C:\dark-warriors-bot\node_modules\@discordjs\rest\dist\index.js:980:14)
    at async _REST.request (C:\dark-warriors-bot\node_modules\@discordjs\rest\dist\index.js:1293:22)
    at async DMChannel.send (C:\dark-warriors-bot\node_modules\discord.js\src\structures\interfaces\TextBasedChannel.js:195:15)
    at async Timeout._onTimeout (C:\dark-warriors-bot\index.js:196:17)
[2025-08-17T17:30:35.457Z] DiscordAPIError[50007]: Cannot send messages to this user
    at handleErrors (C:\dark-warriors-bot\node_modules\@discordjs\rest\dist\index.js:748:13)
    at process.processTicksAndRejections (node:internal/process/task_queues:105:5)
    at async SequentialHandler.runRequest (C:\dark-warriors-bot\node_modules\@discordjs\rest\dist\index.js:1149:23)
    at async SequentialHandler.queueRequest (C:\dark-warriors-bot\node_modules\@discordjs\rest\dist\index.js:980:14)
    at async _REST.request (C:\dark-warriors-bot\node_modules\@discordjs\rest\dist\index.js:1293:22)
    at async DMChannel.send (C:\dark-warriors-bot\node_modules\discord.js\src\structures\interfaces\TextBasedChannel.js:195:15)
    at async Timeout._onTimeout (C:\dark-warriors-bot\index.js:196:17)
[2025-08-17T18:30:57.786Z] DiscordAPIError[50007]: Cannot send messages to this user
    at handleErrors (C:\dark-warriors-bot\node_modules\@discordjs\rest\dist\index.js:748:13)
    at process.processTicksAndRejections (node:internal/process/task_queues:105:5)
    at async SequentialHandler.runRequest (C:\dark-warriors-bot\node_modules\@discordjs\rest\dist\index.js:1149:23)
    at async SequentialHandler.queueRequest (C:\dark-warriors-bot\node_modules\@discordjs\rest\dist\index.js:980:14)
    at async _REST.request (C:\dark-warriors-bot\node_modules\@discordjs\rest\dist\index.js:1293:22)
    at async DMChannel.send (C:\dark-warriors-bot\node_modules\discord.js\src\structures\interfaces\TextBasedChannel.js:195:15)
    at async Timeout._onTimeout (C:\dark-warriors-bot\index.js:217:15)
[2025-08-17T18:31:35.739Z] DiscordAPIError[50007]: Cannot send messages to this user
    at handleErrors (C:\dark-warriors-bot\node_modules\@discordjs\rest\dist\index.js:748:13)
    at process.processTicksAndRejections (node:internal/process/task_queues:105:5)
    at async SequentialHandler.runRequest (C:\dark-warriors-bot\node_modules\@discordjs\rest\dist\index.js:1149:23)
    at async SequentialHandler.queueRequest (C:\dark-warriors-bot\node_modules\@discordjs\rest\dist\index.js:980:14)
    at async _REST.request (C:\dark-warriors-bot\node_modules\@discordjs\rest\dist\index.js:1293:22)
    at async DMChannel.send (C:\dark-warriors-bot\node_modules\discord.js\src\structures\interfaces\TextBasedChannel.js:195:15)
    at async Timeout._onTimeout (C:\dark-warriors-bot\index.js:217:15)
[2025-08-17T18:31:35.990Z] DiscordAPIError[50007]: Cannot send messages to this user
    at handleErrors (C:\dark-warriors-bot\node_modules\@discordjs\rest\dist\index.js:748:13)
    at process.processTicksAndRejections (node:internal/process/task_queues:105:5)
    at async SequentialHandler.runRequest (C:\dark-warriors-bot\node_modules\@discordjs\rest\dist\index.js:1149:23)
    at async SequentialHandler.queueRequest (C:\dark-warriors-bot\node_modules\@discordjs\rest\dist\index.js:980:14)
    at async _REST.request (C:\dark-warriors-bot\node_modules\@discordjs\rest\dist\index.js:1293:22)
    at async DMChannel.send (C:\dark-warriors-bot\node_modules\discord.js\src\structures\interfaces\TextBasedChannel.js:195:15)
    at async Timeout._onTimeout (C:\dark-warriors-bot\index.js:217:15)
[2025-08-23T01:47:19.179Z] TypeError: command.execute is not a function
    at Client.<anonymous> (C:\dark-warriors-bot\index.js:298:21)
    at Client.emit (node:events:518:28)
    at MessageCreateAction.handle (C:\dark-warriors-bot\node_modules\discord.js\src\client\actions\MessageCreate.js:32:14)
    at module.exports [as MESSAGE_CREATE] (C:\dark-warriors-bot\node_modules\discord.js\src\client\websocket\handlers\MESSAGE_CREATE.js:4:32)
    at WebSocketManager.handlePacket (C:\dark-warriors-bot\node_modules\discord.js\src\client\websocket\WebSocketManager.js:351:31)
    at WebSocketManager.<anonymous> (C:\dark-warriors-bot\node_modules\discord.js\src\client\websocket\WebSocketManager.js:235:12)
    at WebSocketManager.emit (C:\dark-warriors-bot\node_modules\@vladfrangu\async_event_emitter\dist\index.cjs:287:31)
    at WebSocketShard.<anonymous> (C:\dark-warriors-bot\node_modules\@discordjs\ws\dist\index.js:1190:51)
    at WebSocketShard.emit (C:\dark-warriors-bot\node_modules\@vladfrangu\async_event_emitter\dist\index.cjs:287:31)
    at WebSocketShard.onMessage (C:\dark-warriors-bot\node_modules\@discordjs\ws\dist\index.js:1007:14)
[2025-08-23T02:24:30.047Z] TypeError: MessageEmbed is not a constructor
    at Object.execute (C:\dark-warriors-bot\commands\prestigeinfo.js:46:19)
    at Client.<anonymous> (C:\dark-warriors-bot\index.js:298:21)
    at Client.emit (node:events:518:28)
    at MessageCreateAction.handle (C:\dark-warriors-bot\node_modules\discord.js\src\client\actions\MessageCreate.js:32:14)
    at module.exports [as MESSAGE_CREATE] (C:\dark-warriors-bot\node_modules\discord.js\src\client\websocket\handlers\MESSAGE_CREATE.js:4:32)
    at WebSocketManager.handlePacket (C:\dark-warriors-bot\node_modules\discord.js\src\client\websocket\WebSocketManager.js:351:31)
    at WebSocketManager.<anonymous> (C:\dark-warriors-bot\node_modules\discord.js\src\client\websocket\WebSocketManager.js:235:12)
    at WebSocketManager.emit (C:\dark-warriors-bot\node_modules\@vladfrangu\async_event_emitter\dist\index.cjs:287:31)
    at WebSocketShard.<anonymous> (C:\dark-warriors-bot\node_modules\@discordjs\ws\dist\index.js:1190:51)
    at WebSocketShard.emit (C:\dark-warriors-bot\node_modules\@vladfrangu\async_event_emitter\dist\index.cjs:287:31)
[2025-08-23T21:42:12.975Z] TypeError: command.execute is not a function
    at Client.<anonymous> (C:\dark-warriors-bot\index.js:298:21)
    at Client.emit (node:events:518:28)
    at MessageCreateAction.handle (C:\dark-warriors-bot\node_modules\discord.js\src\client\actions\MessageCreate.js:32:14)
    at module.exports [as MESSAGE_CREATE] (C:\dark-warriors-bot\node_modules\discord.js\src\client\websocket\handlers\MESSAGE_CREATE.js:4:32)
    at WebSocketManager.handlePacket (C:\dark-warriors-bot\node_modules\discord.js\src\client\websocket\WebSocketManager.js:351:31)
    at WebSocketManager.<anonymous> (C:\dark-warriors-bot\node_modules\discord.js\src\client\websocket\WebSocketManager.js:235:12)
    at WebSocketManager.emit (C:\dark-warriors-bot\node_modules\@vladfrangu\async_event_emitter\dist\index.cjs:287:31)
    at WebSocketShard.<anonymous> (C:\dark-warriors-bot\node_modules\@discordjs\ws\dist\index.js:1190:51)
    at WebSocketShard.emit (C:\dark-warriors-bot\node_modules\@vladfrangu\async_event_emitter\dist\index.cjs:287:31)
    at WebSocketShard.onMessage (C:\dark-warriors-bot\node_modules\@discordjs\ws\dist\index.js:1007:14)
[2025-08-23T21:49:37.497Z] TypeError: Cannot read properties of undefined (reading 'roles')
    at Object.execute (C:\dark-warriors-bot\commands\prestigerank.js:12:36)
    at Client.<anonymous> (C:\dark-warriors-bot\index.js:298:21)
    at Client.emit (node:events:518:28)
    at MessageCreateAction.handle (C:\dark-warriors-bot\node_modules\discord.js\src\client\actions\MessageCreate.js:32:14)
    at module.exports [as MESSAGE_CREATE] (C:\dark-warriors-bot\node_modules\discord.js\src\client\websocket\handlers\MESSAGE_CREATE.js:4:32)
    at WebSocketManager.handlePacket (C:\dark-warriors-bot\node_modules\discord.js\src\client\websocket\WebSocketManager.js:351:31)
    at WebSocketManager.<anonymous> (C:\dark-warriors-bot\node_modules\discord.js\src\client\websocket\WebSocketManager.js:235:12)
    at WebSocketManager.emit (C:\dark-warriors-bot\node_modules\@vladfrangu\async_event_emitter\dist\index.cjs:287:31)
    at WebSocketShard.<anonymous> (C:\dark-warriors-bot\node_modules\@discordjs\ws\dist\index.js:1190:51)
    at WebSocketShard.emit (C:\dark-warriors-bot\node_modules\@vladfrangu\async_event_emitter\dist\index.cjs:287:31)
[2025-08-23T21:53:35.891Z] TypeError: message.reply is not a function
    at Object.execute (C:\dark-warriors-bot\commands\prestigerank.js:10:40)
    at Client.<anonymous> (C:\dark-warriors-bot\index.js:298:21)
    at Client.emit (node:events:518:28)
    at MessageCreateAction.handle (C:\dark-warriors-bot\node_modules\discord.js\src\client\actions\MessageCreate.js:32:14)
    at module.exports [as MESSAGE_CREATE] (C:\dark-warriors-bot\node_modules\discord.js\src\client\websocket\handlers\MESSAGE_CREATE.js:4:32)
    at WebSocketManager.handlePacket (C:\dark-warriors-bot\node_modules\discord.js\src\client\websocket\WebSocketManager.js:351:31)
    at WebSocketManager.<anonymous> (C:\dark-warriors-bot\node_modules\discord.js\src\client\websocket\WebSocketManager.js:235:12)
    at WebSocketManager.emit (C:\dark-warriors-bot\node_modules\@vladfrangu\async_event_emitter\dist\index.cjs:287:31)
    at WebSocketShard.<anonymous> (C:\dark-warriors-bot\node_modules\@discordjs\ws\dist\index.js:1190:51)
    at WebSocketShard.emit (C:\dark-warriors-bot\node_modules\@vladfrangu\async_event_emitter\dist\index.cjs:287:31)
[2025-08-23T22:14:37.675Z] TypeError: Cannot read properties of undefined (reading 'roles')
    at Object.execute (C:\dark-warriors-bot\commands\prestigerank.js:12:36)
    at Client.<anonymous> (C:\dark-warriors-bot\index.js:298:21)
    at Client.emit (node:events:518:28)
    at MessageCreateAction.handle (C:\dark-warriors-bot\node_modules\discord.js\src\client\actions\MessageCreate.js:32:14)
    at module.exports [as MESSAGE_CREATE] (C:\dark-warriors-bot\node_modules\discord.js\src\client\websocket\handlers\MESSAGE_CREATE.js:4:32)
    at WebSocketManager.handlePacket (C:\dark-warriors-bot\node_modules\discord.js\src\client\websocket\WebSocketManager.js:351:31)
    at WebSocketManager.<anonymous> (C:\dark-warriors-bot\node_modules\discord.js\src\client\websocket\WebSocketManager.js:235:12)
    at WebSocketManager.emit (C:\dark-warriors-bot\node_modules\@vladfrangu\async_event_emitter\dist\index.cjs:287:31)
    at WebSocketShard.<anonymous> (C:\dark-warriors-bot\node_modules\@discordjs\ws\dist\index.js:1190:51)
    at WebSocketShard.emit (C:\dark-warriors-bot\node_modules\@vladfrangu\async_event_emitter\dist\index.cjs:287:31)
[2025-08-23T22:17:45.432Z] TypeError: message.reply is not a function
    at Object.execute (C:\dark-warriors-bot\commands\prestigerank.js:11:22)
    at Client.<anonymous> (C:\dark-warriors-bot\index.js:298:21)
    at Client.emit (node:events:518:28)
    at MessageCreateAction.handle (C:\dark-warriors-bot\node_modules\discord.js\src\client\actions\MessageCreate.js:32:14)
    at module.exports [as MESSAGE_CREATE] (C:\dark-warriors-bot\node_modules\discord.js\src\client\websocket\handlers\MESSAGE_CREATE.js:4:32)
    at WebSocketManager.handlePacket (C:\dark-warriors-bot\node_modules\discord.js\src\client\websocket\WebSocketManager.js:351:31)
    at WebSocketManager.<anonymous> (C:\dark-warriors-bot\node_modules\discord.js\src\client\websocket\WebSocketManager.js:235:12)
    at WebSocketManager.emit (C:\dark-warriors-bot\node_modules\@vladfrangu\async_event_emitter\dist\index.cjs:287:31)
    at WebSocketShard.<anonymous> (C:\dark-warriors-bot\node_modules\@discordjs\ws\dist\index.js:1190:51)
    at WebSocketShard.emit (C:\dark-warriors-bot\node_modules\@vladfrangu\async_event_emitter\dist\index.cjs:287:31)
[2025-08-23T22:21:19.979Z] TypeError: message.reply is not a function
    at Object.execute (C:\dark-warriors-bot\commands\prestigerank.js:11:22)
    at Client.<anonymous> (C:\dark-warriors-bot\index.js:298:21)
    at Client.emit (node:events:518:28)
    at MessageCreateAction.handle (C:\dark-warriors-bot\node_modules\discord.js\src\client\actions\MessageCreate.js:32:14)
    at module.exports [as MESSAGE_CREATE] (C:\dark-warriors-bot\node_modules\discord.js\src\client\websocket\handlers\MESSAGE_CREATE.js:4:32)
    at WebSocketManager.handlePacket (C:\dark-warriors-bot\node_modules\discord.js\src\client\websocket\WebSocketManager.js:351:31)
    at WebSocketManager.<anonymous> (C:\dark-warriors-bot\node_modules\discord.js\src\client\websocket\WebSocketManager.js:235:12)
    at WebSocketManager.emit (C:\dark-warriors-bot\node_modules\@vladfrangu\async_event_emitter\dist\index.cjs:287:31)
    at WebSocketShard.<anonymous> (C:\dark-warriors-bot\node_modules\@discordjs\ws\dist\index.js:1190:51)
    at WebSocketShard.emit (C:\dark-warriors-bot\node_modules\@vladfrangu\async_event_emitter\dist\index.cjs:287:31)
[2025-08-23T22:53:54.986Z] TypeError: Cannot read properties of undefined (reading 'send')
    at Object.execute (C:\dark-warriors-bot\commands\prestigerank.js:10:41)
    at Client.<anonymous> (C:\dark-warriors-bot\index.js:298:21)
    at Client.emit (node:events:518:28)
    at MessageCreateAction.handle (C:\dark-warriors-bot\node_modules\discord.js\src\client\actions\MessageCreate.js:32:14)
    at module.exports [as MESSAGE_CREATE] (C:\dark-warriors-bot\node_modules\discord.js\src\client\websocket\handlers\MESSAGE_CREATE.js:4:32)
    at WebSocketManager.handlePacket (C:\dark-warriors-bot\node_modules\discord.js\src\client\websocket\WebSocketManager.js:351:31)
    at WebSocketManager.<anonymous> (C:\dark-warriors-bot\node_modules\discord.js\src\client\websocket\WebSocketManager.js:235:12)
    at WebSocketManager.emit (C:\dark-warriors-bot\node_modules\@vladfrangu\async_event_emitter\dist\index.cjs:287:31)
    at WebSocketShard.<anonymous> (C:\dark-warriors-bot\node_modules\@discordjs\ws\dist\index.js:1190:51)
    at WebSocketShard.emit (C:\dark-warriors-bot\node_modules\@vladfrangu\async_event_emitter\dist\index.cjs:287:31)
[2025-08-23T22:59:29.813Z] TypeError: Cannot read properties of undefined (reading 'send')
    at Object.execute (C:\dark-warriors-bot\commands\prestigerank.js:14:41)
    at Client.<anonymous> (C:\dark-warriors-bot\index.js:298:21)
    at Client.emit (node:events:518:28)
    at MessageCreateAction.handle (C:\dark-warriors-bot\node_modules\discord.js\src\client\actions\MessageCreate.js:32:14)
    at module.exports [as MESSAGE_CREATE] (C:\dark-warriors-bot\node_modules\discord.js\src\client\websocket\handlers\MESSAGE_CREATE.js:4:32)
    at WebSocketManager.handlePacket (C:\dark-warriors-bot\node_modules\discord.js\src\client\websocket\WebSocketManager.js:351:31)
    at WebSocketManager.<anonymous> (C:\dark-warriors-bot\node_modules\discord.js\src\client\websocket\WebSocketManager.js:235:12)
    at WebSocketManager.emit (C:\dark-warriors-bot\node_modules\@vladfrangu\async_event_emitter\dist\index.cjs:287:31)
    at WebSocketShard.<anonymous> (C:\dark-warriors-bot\node_modules\@discordjs\ws\dist\index.js:1190:51)
    at WebSocketShard.emit (C:\dark-warriors-bot\node_modules\@vladfrangu\async_event_emitter\dist\index.cjs:287:31)
[2025-08-23T23:13:58.424Z] TypeError: Cannot read properties of undefined (reading 'send')
    at Object.execute (C:\dark-warriors-bot\commands\prestigerank.js:12:30)
    at Client.<anonymous> (C:\dark-warriors-bot\index.js:298:21)
    at Client.emit (node:events:518:28)
    at MessageCreateAction.handle (C:\dark-warriors-bot\node_modules\discord.js\src\client\actions\MessageCreate.js:32:14)
    at module.exports [as MESSAGE_CREATE] (C:\dark-warriors-bot\node_modules\discord.js\src\client\websocket\handlers\MESSAGE_CREATE.js:4:32)
    at WebSocketManager.handlePacket (C:\dark-warriors-bot\node_modules\discord.js\src\client\websocket\WebSocketManager.js:351:31)
    at WebSocketManager.<anonymous> (C:\dark-warriors-bot\node_modules\discord.js\src\client\websocket\WebSocketManager.js:235:12)
    at WebSocketManager.emit (C:\dark-warriors-bot\node_modules\@vladfrangu\async_event_emitter\dist\index.cjs:287:31)
    at WebSocketShard.<anonymous> (C:\dark-warriors-bot\node_modules\@discordjs\ws\dist\index.js:1190:51)
    at WebSocketShard.emit (C:\dark-warriors-bot\node_modules\@vladfrangu\async_event_emitter\dist\index.cjs:287:31)
[2025-08-26T05:15:00.200Z] ConnectTimeoutError: Connect Timeout Error (attempted addresses: 162.159.138.232:443, 162.159.128.233:443, 162.159.137.232:443, 162.159.135.232:443, 162.159.136.232:443, timeout: 10000ms)
    at onConnectTimeout (C:\dark-warriors-bot\node_modules\undici\lib\core\connect.js:237:24)
    at Immediate._onImmediate (C:\dark-warriors-bot\node_modules\undici\lib\core\connect.js:188:35)
    at process.processImmediate (node:internal/timers:485:21)
[2025-08-26T05:15:10.775Z] ConnectTimeoutError: Connect Timeout Error (attempted address: discord.com:443, timeout: 10000ms)
    at onConnectTimeout (C:\dark-warriors-bot\node_modules\undici\lib\core\connect.js:237:24)
    at Immediate._onImmediate (C:\dark-warriors-bot\node_modules\undici\lib\core\connect.js:188:35)
    at process.processImmediate (node:internal/timers:485:21)
[2025-08-26T05:15:10.839Z] Error: getaddrinfo ENOTFOUND discord.com
    at GetAddrInfoReqWrap.onlookupall [as oncomplete] (node:dns:122:26)
[2025-08-26T05:15:10.847Z] Error: getaddrinfo ENOTFOUND discord.com
    at GetAddrInfoReqWrap.onlookupall [as oncomplete] (node:dns:122:26)
[2025-08-26T05:15:47.360Z] Error: getaddrinfo ENOTFOUND discord.com
    at GetAddrInfoReqWrap.onlookupall [as oncomplete] (node:dns:122:26)
[2025-08-26T05:16:47.360Z] Error: getaddrinfo ENOTFOUND discord.com
    at GetAddrInfoReqWrap.onlookupall [as oncomplete] (node:dns:122:26)
[2025-08-26T15:28:20.603Z] ConnectTimeoutError: Connect Timeout Error (attempted addresses: 162.159.136.232:443, timeout: 10000ms)
    at onConnectTimeout (C:\dark-warriors-bot\node_modules\undici\lib\core\connect.js:237:24)
    at Immediate._onImmediate (C:\dark-warriors-bot\node_modules\undici\lib\core\connect.js:188:35)
    at process.processImmediate (node:internal/timers:485:21)
[2025-08-31T20:58:50.599Z] DiscordAPIError[50007]: Cannot send messages to this user
    at handleErrors (C:\dark-warriors-bot\node_modules\@discordjs\rest\dist\index.js:748:13)
    at process.processTicksAndRejections (node:internal/process/task_queues:105:5)
    at async SequentialHandler.runRequest (C:\dark-warriors-bot\node_modules\@discordjs\rest\dist\index.js:1149:23)
    at async SequentialHandler.queueRequest (C:\dark-warriors-bot\node_modules\@discordjs\rest\dist\index.js:980:14)
    at async _REST.request (C:\dark-warriors-bot\node_modules\@discordjs\rest\dist\index.js:1293:22)
    at async DMChannel.send (C:\dark-warriors-bot\node_modules\discord.js\src\structures\interfaces\TextBasedChannel.js:195:15)
    at async Timeout._onTimeout (C:\dark-warriors-bot\index.js:196:17)
[2025-08-31T22:00:46.575Z] DiscordAPIError[50007]: Cannot send messages to this user
    at handleErrors (C:\dark-warriors-bot\node_modules\@discordjs\rest\dist\index.js:748:13)
    at process.processTicksAndRejections (node:internal/process/task_queues:105:5)
    at async SequentialHandler.runRequest (C:\dark-warriors-bot\node_modules\@discordjs\rest\dist\index.js:1149:23)
    at async SequentialHandler.queueRequest (C:\dark-warriors-bot\node_modules\@discordjs\rest\dist\index.js:980:14)
    at async _REST.request (C:\dark-warriors-bot\node_modules\@discordjs\rest\dist\index.js:1293:22)
    at async DMChannel.send (C:\dark-warriors-bot\node_modules\discord.js\src\structures\interfaces\TextBasedChannel.js:195:15)
    at async Timeout._onTimeout (C:\dark-warriors-bot\index.js:217:15)
[2025-09-01T16:58:33.292Z] DiscordAPIError[50007]: Cannot send messages to this user
    at handleErrors (C:\dark-warriors-bot\node_modules\@discordjs\rest\dist\index.js:748:13)
    at process.processTicksAndRejections (node:internal/process/task_queues:105:5)
    at async SequentialHandler.runRequest (C:\dark-warriors-bot\node_modules\@discordjs\rest\dist\index.js:1149:23)
    at async SequentialHandler.queueRequest (C:\dark-warriors-bot\node_modules\@discordjs\rest\dist\index.js:980:14)
    at async _REST.request (C:\dark-warriors-bot\node_modules\@discordjs\rest\dist\index.js:1293:22)
    at async DMChannel.send (C:\dark-warriors-bot\node_modules\discord.js\src\structures\interfaces\TextBasedChannel.js:195:15)
    at async Timeout._onTimeout (C:\dark-warriors-bot\index.js:196:17)
[2025-09-01T16:59:04.857Z] DiscordAPIError[50007]: Cannot send messages to this user
    at handleErrors (C:\dark-warriors-bot\node_modules\@discordjs\rest\dist\index.js:748:13)
    at process.processTicksAndRejections (node:internal/process/task_queues:105:5)
    at async SequentialHandler.runRequest (C:\dark-warriors-bot\node_modules\@discordjs\rest\dist\index.js:1149:23)
    at async SequentialHandler.queueRequest (C:\dark-warriors-bot\node_modules\@discordjs\rest\dist\index.js:980:14)
    at async _REST.request (C:\dark-warriors-bot\node_modules\@discordjs\rest\dist\index.js:1293:22)
    at async DMChannel.send (C:\dark-warriors-bot\node_modules\discord.js\src\structures\interfaces\TextBasedChannel.js:195:15)
    at async Timeout._onTimeout (C:\dark-warriors-bot\index.js:196:17)
[2025-09-01T18:00:33.225Z] DiscordAPIError[50007]: Cannot send messages to this user
    at handleErrors (C:\dark-warriors-bot\node_modules\@discordjs\rest\dist\index.js:748:13)
    at process.processTicksAndRejections (node:internal/process/task_queues:105:5)
    at async SequentialHandler.runRequest (C:\dark-warriors-bot\node_modules\@discordjs\rest\dist\index.js:1149:23)
    at async SequentialHandler.queueRequest (C:\dark-warriors-bot\node_modules\@discordjs\rest\dist\index.js:980:14)
    at async _REST.request (C:\dark-warriors-bot\node_modules\@discordjs\rest\dist\index.js:1293:22)
    at async DMChannel.send (C:\dark-warriors-bot\node_modules\discord.js\src\structures\interfaces\TextBasedChannel.js:195:15)
    at async Timeout._onTimeout (C:\dark-warriors-bot\index.js:217:15)
[2025-09-01T18:00:57.474Z] DiscordAPIError[50007]: Cannot send messages to this user
    at handleErrors (C:\dark-warriors-bot\node_modules\@discordjs\rest\dist\index.js:748:13)
    at process.processTicksAndRejections (node:internal/process/task_queues:105:5)
    at async SequentialHandler.runRequest (C:\dark-warriors-bot\node_modules\@discordjs\rest\dist\index.js:1149:23)
    at async SequentialHandler.queueRequest (C:\dark-warriors-bot\node_modules\@discordjs\rest\dist\index.js:980:14)
    at async _REST.request (C:\dark-warriors-bot\node_modules\@discordjs\rest\dist\index.js:1293:22)
    at async DMChannel.send (C:\dark-warriors-bot\node_modules\discord.js\src\structures\interfaces\TextBasedChannel.js:195:15)
    at async Timeout._onTimeout (C:\dark-warriors-bot\index.js:217:15)
[2025-09-02T18:15:26.840Z] TypeError: Cannot convert undefined or null to object
    at Function.entries (<anonymous>)
    at Object.execute (C:\dark-warriors-bot\commands\leaderboard.js:21:33)
    at Client.<anonymous> (C:\dark-warriors-bot\index.js:303:21)
    at Client.emit (node:events:518:28)
    at MessageCreateAction.handle (C:\dark-warriors-bot\node_modules\discord.js\src\client\actions\MessageCreate.js:32:14)
    at module.exports [as MESSAGE_CREATE] (C:\dark-warriors-bot\node_modules\discord.js\src\client\websocket\handlers\MESSAGE_CREATE.js:4:32)
    at WebSocketManager.handlePacket (C:\dark-warriors-bot\node_modules\discord.js\src\client\websocket\WebSocketManager.js:351:31)
    at WebSocketManager.<anonymous> (C:\dark-warriors-bot\node_modules\discord.js\src\client\websocket\WebSocketManager.js:235:12)
    at WebSocketManager.emit (C:\dark-warriors-bot\node_modules\@vladfrangu\async_event_emitter\dist\index.cjs:287:31)
    at WebSocketShard.<anonymous> (C:\dark-warriors-bot\node_modules\@discordjs\ws\dist\index.js:1190:51)
[2025-09-02T23:28:41.029Z] TypeError: Cannot read properties of undefined (reading 'toLocaleString')
    at Object.formatCoins (C:\dark-warriors-bot\index.js:109:17)
    at Object.execute (C:\dark-warriors-bot\commands\balance.js:9:55)
    at Client.<anonymous> (C:\dark-warriors-bot\index.js:328:21)
    at Client.emit (node:events:518:28)
    at MessageCreateAction.handle (C:\dark-warriors-bot\node_modules\discord.js\src\client\actions\MessageCreate.js:32:14)
    at module.exports [as MESSAGE_CREATE] (C:\dark-warriors-bot\node_modules\discord.js\src\client\websocket\handlers\MESSAGE_CREATE.js:4:32)
    at WebSocketManager.handlePacket (C:\dark-warriors-bot\node_modules\discord.js\src\client\websocket\WebSocketManager.js:351:31)
    at WebSocketManager.<anonymous> (C:\dark-warriors-bot\node_modules\discord.js\src\client\websocket\WebSocketManager.js:235:12)
    at WebSocketManager.emit (C:\dark-warriors-bot\node_modules\@vladfrangu\async_event_emitter\dist\index.cjs:287:31)
    at WebSocketShard.<anonymous> (C:\dark-warriors-bot\node_modules\@discordjs\ws\dist\index.js:1190:51)
[2025-09-02T23:48:35.473Z] ReferenceError: defenseintel is not defined
    at Object.execute (C:\dark-warriors-bot\commands\balance.js:6:26)
    at Client.<anonymous> (C:\dark-warriors-bot\index.js:328:21)
    at Client.emit (node:events:518:28)
    at MessageCreateAction.handle (C:\dark-warriors-bot\node_modules\discord.js\src\client\actions\MessageCreate.js:32:14)
    at module.exports [as MESSAGE_CREATE] (C:\dark-warriors-bot\node_modules\discord.js\src\client\websocket\handlers\MESSAGE_CREATE.js:4:32)
    at WebSocketManager.handlePacket (C:\dark-warriors-bot\node_modules\discord.js\src\client\websocket\WebSocketManager.js:351:31)
    at WebSocketManager.<anonymous> (C:\dark-warriors-bot\node_modules\discord.js\src\client\websocket\WebSocketManager.js:235:12)
    at WebSocketManager.emit (C:\dark-warriors-bot\node_modules\@vladfrangu\async_event_emitter\dist\index.cjs:287:31)
    at WebSocketShard.<anonymous> (C:\dark-warriors-bot\node_modules\@discordjs\ws\dist\index.js:1190:51)
    at WebSocketShard.emit (C:\dark-warriors-bot\node_modules\@vladfrangu\async_event_emitter\dist\index.cjs:287:31)
[2025-09-02T23:48:39.067Z] ReferenceError: defenseintel is not defined
    at Object.execute (C:\dark-warriors-bot\commands\balance.js:6:26)
    at Client.<anonymous> (C:\dark-warriors-bot\index.js:328:21)
    at Client.emit (node:events:518:28)
    at MessageCreateAction.handle (C:\dark-warriors-bot\node_modules\discord.js\src\client\actions\MessageCreate.js:32:14)
    at module.exports [as MESSAGE_CREATE] (C:\dark-warriors-bot\node_modules\discord.js\src\client\websocket\handlers\MESSAGE_CREATE.js:4:32)
    at WebSocketManager.handlePacket (C:\dark-warriors-bot\node_modules\discord.js\src\client\websocket\WebSocketManager.js:351:31)
    at WebSocketManager.<anonymous> (C:\dark-warriors-bot\node_modules\discord.js\src\client\websocket\WebSocketManager.js:235:12)
    at WebSocketManager.emit (C:\dark-warriors-bot\node_modules\@vladfrangu\async_event_emitter\dist\index.cjs:287:31)
    at WebSocketShard.<anonymous> (C:\dark-warriors-bot\node_modules\@discordjs\ws\dist\index.js:1190:51)
    at WebSocketShard.emit (C:\dark-warriors-bot\node_modules\@vladfrangu\async_event_emitter\dist\index.cjs:287:31)
[2025-09-02T23:48:51.185Z] TypeError: Cannot read properties of undefined (reading '1264764751892709389')
    at Object.execute (C:\dark-warriors-bot\commands\balance.js:8:38)
    at Client.<anonymous> (C:\dark-warriors-bot\index.js:328:21)
    at Client.emit (node:events:518:28)
    at MessageCreateAction.handle (C:\dark-warriors-bot\node_modules\discord.js\src\client\actions\MessageCreate.js:32:14)
    at module.exports [as MESSAGE_CREATE] (C:\dark-warriors-bot\node_modules\discord.js\src\client\websocket\handlers\MESSAGE_CREATE.js:4:32)
    at WebSocketManager.handlePacket (C:\dark-warriors-bot\node_modules\discord.js\src\client\websocket\WebSocketManager.js:351:31)
    at WebSocketManager.<anonymous> (C:\dark-warriors-bot\node_modules\discord.js\src\client\websocket\WebSocketManager.js:235:12)
    at WebSocketManager.emit (C:\dark-warriors-bot\node_modules\@vladfrangu\async_event_emitter\dist\index.cjs:287:31)
    at WebSocketShard.<anonymous> (C:\dark-warriors-bot\node_modules\@discordjs\ws\dist\index.js:1190:51)
    at WebSocketShard.emit (C:\dark-warriors-bot\node_modules\@vladfrangu\async_event_emitter\dist\index.cjs:287:31)
[2025-09-02T23:49:06.695Z] TypeError: Cannot read properties of undefined (reading 'toLocaleString')
    at Object.formatCoins (C:\dark-warriors-bot\index.js:109:17)
    at Object.execute (C:\dark-warriors-bot\commands\balance.js:9:55)
    at Client.<anonymous> (C:\dark-warriors-bot\index.js:328:21)
    at Client.emit (node:events:518:28)
    at MessageCreateAction.handle (C:\dark-warriors-bot\node_modules\discord.js\src\client\actions\MessageCreate.js:32:14)
    at module.exports [as MESSAGE_CREATE] (C:\dark-warriors-bot\node_modules\discord.js\src\client\websocket\handlers\MESSAGE_CREATE.js:4:32)
    at WebSocketManager.handlePacket (C:\dark-warriors-bot\node_modules\discord.js\src\client\websocket\WebSocketManager.js:351:31)
    at WebSocketManager.<anonymous> (C:\dark-warriors-bot\node_modules\discord.js\src\client\websocket\WebSocketManager.js:235:12)
    at WebSocketManager.emit (C:\dark-warriors-bot\node_modules\@vladfrangu\async_event_emitter\dist\index.cjs:287:31)
    at WebSocketShard.<anonymous> (C:\dark-warriors-bot\node_modules\@discordjs\ws\dist\index.js:1190:51)
[2025-09-02T23:49:33.039Z] TypeError: Cannot read properties of undefined (reading 'toLocaleString')
    at Object.formatCoins (C:\dark-warriors-bot\index.js:109:17)
    at Object.execute (C:\dark-warriors-bot\commands\balance.js:9:55)
    at Client.<anonymous> (C:\dark-warriors-bot\index.js:328:21)
    at Client.emit (node:events:518:28)
    at MessageCreateAction.handle (C:\dark-warriors-bot\node_modules\discord.js\src\client\actions\MessageCreate.js:32:14)
    at module.exports [as MESSAGE_CREATE] (C:\dark-warriors-bot\node_modules\discord.js\src\client\websocket\handlers\MESSAGE_CREATE.js:4:32)
    at WebSocketManager.handlePacket (C:\dark-warriors-bot\node_modules\discord.js\src\client\websocket\WebSocketManager.js:351:31)
    at WebSocketManager.<anonymous> (C:\dark-warriors-bot\node_modules\discord.js\src\client\websocket\WebSocketManager.js:235:12)
    at WebSocketManager.emit (C:\dark-warriors-bot\node_modules\@vladfrangu\async_event_emitter\dist\index.cjs:287:31)
    at WebSocketShard.<anonymous> (C:\dark-warriors-bot\node_modules\@discordjs\ws\dist\index.js:1190:51)
[2025-09-03T01:52:59.700Z] ReferenceError: subtractBalance is not defined
    at Client.<anonymous> (C:\dark-warriors-bot\index.js:354:9)
    at Client.emit (node:events:518:28)
    at MessageCreateAction.handle (C:\dark-warriors-bot\node_modules\discord.js\src\client\actions\MessageCreate.js:32:14)
    at module.exports [as MESSAGE_CREATE] (C:\dark-warriors-bot\node_modules\discord.js\src\client\websocket\handlers\MESSAGE_CREATE.js:4:32)
    at WebSocketManager.handlePacket (C:\dark-warriors-bot\node_modules\discord.js\src\client\websocket\WebSocketManager.js:351:31)
    at WebSocketManager.<anonymous> (C:\dark-warriors-bot\node_modules\discord.js\src\client\websocket\WebSocketManager.js:235:12)
    at WebSocketManager.emit (C:\dark-warriors-bot\node_modules\@vladfrangu\async_event_emitter\dist\index.cjs:287:31)
    at WebSocketShard.<anonymous> (C:\dark-warriors-bot\node_modules\@discordjs\ws\dist\index.js:1190:51)
    at WebSocketShard.emit (C:\dark-warriors-bot\node_modules\@vladfrangu\async_event_emitter\dist\index.cjs:287:31)
    at WebSocketShard.onMessage (C:\dark-warriors-bot\node_modules\@discordjs\ws\dist\index.js:1007:14)
[2025-09-03T01:53:29.853Z] ReferenceError: subtractBalance is not defined
    at Client.<anonymous> (C:\dark-warriors-bot\index.js:354:9)
    at Client.emit (node:events:518:28)
    at MessageCreateAction.handle (C:\dark-warriors-bot\node_modules\discord.js\src\client\actions\MessageCreate.js:32:14)
    at module.exports [as MESSAGE_CREATE] (C:\dark-warriors-bot\node_modules\discord.js\src\client\websocket\handlers\MESSAGE_CREATE.js:4:32)
    at WebSocketManager.handlePacket (C:\dark-warriors-bot\node_modules\discord.js\src\client\websocket\WebSocketManager.js:351:31)
    at WebSocketManager.<anonymous> (C:\dark-warriors-bot\node_modules\discord.js\src\client\websocket\WebSocketManager.js:235:12)
    at WebSocketManager.emit (C:\dark-warriors-bot\node_modules\@vladfrangu\async_event_emitter\dist\index.cjs:287:31)
    at WebSocketShard.<anonymous> (C:\dark-warriors-bot\node_modules\@discordjs\ws\dist\index.js:1190:51)
    at WebSocketShard.emit (C:\dark-warriors-bot\node_modules\@vladfrangu\async_event_emitter\dist\index.cjs:287:31)
    at WebSocketShard.onMessage (C:\dark-warriors-bot\node_modules\@discordjs\ws\dist\index.js:1007:14)
[2025-09-03T01:55:03.426Z] ReferenceError: subtractBalance is not defined
    at Client.<anonymous> (C:\dark-warriors-bot\index.js:354:9)
    at Client.emit (node:events:518:28)
    at MessageCreateAction.handle (C:\dark-warriors-bot\node_modules\discord.js\src\client\actions\MessageCreate.js:32:14)
    at module.exports [as MESSAGE_CREATE] (C:\dark-warriors-bot\node_modules\discord.js\src\client\websocket\handlers\MESSAGE_CREATE.js:4:32)
    at WebSocketManager.handlePacket (C:\dark-warriors-bot\node_modules\discord.js\src\client\websocket\WebSocketManager.js:351:31)
    at WebSocketManager.<anonymous> (C:\dark-warriors-bot\node_modules\discord.js\src\client\websocket\WebSocketManager.js:235:12)
    at WebSocketManager.emit (C:\dark-warriors-bot\node_modules\@vladfrangu\async_event_emitter\dist\index.cjs:287:31)
    at WebSocketShard.<anonymous> (C:\dark-warriors-bot\node_modules\@discordjs\ws\dist\index.js:1190:51)
    at WebSocketShard.emit (C:\dark-warriors-bot\node_modules\@vladfrangu\async_event_emitter\dist\index.cjs:287:31)
    at WebSocketShard.onMessage (C:\dark-warriors-bot\node_modules\@discordjs\ws\dist\index.js:1007:14)
[2025-09-03T01:55:20.190Z] ReferenceError: subtractBalance is not defined
    at Client.<anonymous> (C:\dark-warriors-bot\index.js:354:9)
    at Client.emit (node:events:518:28)
    at MessageCreateAction.handle (C:\dark-warriors-bot\node_modules\discord.js\src\client\actions\MessageCreate.js:32:14)
    at module.exports [as MESSAGE_CREATE] (C:\dark-warriors-bot\node_modules\discord.js\src\client\websocket\handlers\MESSAGE_CREATE.js:4:32)
    at WebSocketManager.handlePacket (C:\dark-warriors-bot\node_modules\discord.js\src\client\websocket\WebSocketManager.js:351:31)
    at WebSocketManager.<anonymous> (C:\dark-warriors-bot\node_modules\discord.js\src\client\websocket\WebSocketManager.js:235:12)
    at WebSocketManager.emit (C:\dark-warriors-bot\node_modules\@vladfrangu\async_event_emitter\dist\index.cjs:287:31)
    at WebSocketShard.<anonymous> (C:\dark-warriors-bot\node_modules\@discordjs\ws\dist\index.js:1190:51)
    at WebSocketShard.emit (C:\dark-warriors-bot\node_modules\@vladfrangu\async_event_emitter\dist\index.cjs:287:31)
    at WebSocketShard.onMessage (C:\dark-warriors-bot\node_modules\@discordjs\ws\dist\index.js:1007:14)
[2025-09-03T02:00:19.975Z] ReferenceError: loseTroops is not defined
    at Client.<anonymous> (C:\dark-warriors-bot\index.js:372:3)
    at Client.emit (node:events:518:28)
    at MessageCreateAction.handle (C:\dark-warriors-bot\node_modules\discord.js\src\client\actions\MessageCreate.js:32:14)
    at module.exports [as MESSAGE_CREATE] (C:\dark-warriors-bot\node_modules\discord.js\src\client\websocket\handlers\MESSAGE_CREATE.js:4:32)
    at WebSocketManager.handlePacket (C:\dark-warriors-bot\node_modules\discord.js\src\client\websocket\WebSocketManager.js:351:31)
    at WebSocketManager.<anonymous> (C:\dark-warriors-bot\node_modules\discord.js\src\client\websocket\WebSocketManager.js:235:12)
    at WebSocketManager.emit (C:\dark-warriors-bot\node_modules\@vladfrangu\async_event_emitter\dist\index.cjs:287:31)
    at WebSocketShard.<anonymous> (C:\dark-warriors-bot\node_modules\@discordjs\ws\dist\index.js:1190:51)
    at WebSocketShard.emit (C:\dark-warriors-bot\node_modules\@vladfrangu\async_event_emitter\dist\index.cjs:287:31)
    at WebSocketShard.onMessage (C:\dark-warriors-bot\node_modules\@discordjs\ws\dist\index.js:1007:14)
[2025-09-03T02:00:40.084Z] ReferenceError: loseTroops is not defined
    at Client.<anonymous> (C:\dark-warriors-bot\index.js:372:3)
    at Client.emit (node:events:518:28)
    at MessageCreateAction.handle (C:\dark-warriors-bot\node_modules\discord.js\src\client\actions\MessageCreate.js:32:14)
    at module.exports [as MESSAGE_CREATE] (C:\dark-warriors-bot\node_modules\discord.js\src\client\websocket\handlers\MESSAGE_CREATE.js:4:32)
    at WebSocketManager.handlePacket (C:\dark-warriors-bot\node_modules\discord.js\src\client\websocket\WebSocketManager.js:351:31)
    at WebSocketManager.<anonymous> (C:\dark-warriors-bot\node_modules\discord.js\src\client\websocket\WebSocketManager.js:235:12)
    at WebSocketManager.emit (C:\dark-warriors-bot\node_modules\@vladfrangu\async_event_emitter\dist\index.cjs:287:31)
    at WebSocketShard.<anonymous> (C:\dark-warriors-bot\node_modules\@discordjs\ws\dist\index.js:1190:51)
    at WebSocketShard.emit (C:\dark-warriors-bot\node_modules\@vladfrangu\async_event_emitter\dist\index.cjs:287:31)
    at WebSocketShard.onMessage (C:\dark-warriors-bot\node_modules\@discordjs\ws\dist\index.js:1007:14)
[2025-09-03T02:15:20.097Z] ReferenceError: balances is not defined
    at Client.<anonymous> (C:\dark-warriors-bot\index.js:413:3)
    at Client.emit (node:events:518:28)
    at MessageCreateAction.handle (C:\dark-warriors-bot\node_modules\discord.js\src\client\actions\MessageCreate.js:32:14)
    at module.exports [as MESSAGE_CREATE] (C:\dark-warriors-bot\node_modules\discord.js\src\client\websocket\handlers\MESSAGE_CREATE.js:4:32)
    at WebSocketManager.handlePacket (C:\dark-warriors-bot\node_modules\discord.js\src\client\websocket\WebSocketManager.js:351:31)
    at WebSocketManager.<anonymous> (C:\dark-warriors-bot\node_modules\discord.js\src\client\websocket\WebSocketManager.js:235:12)
    at WebSocketManager.emit (C:\dark-warriors-bot\node_modules\@vladfrangu\async_event_emitter\dist\index.cjs:287:31)
    at WebSocketShard.<anonymous> (C:\dark-warriors-bot\node_modules\@discordjs\ws\dist\index.js:1190:51)
    at WebSocketShard.emit (C:\dark-warriors-bot\node_modules\@vladfrangu\async_event_emitter\dist\index.cjs:287:31)
    at WebSocketShard.onMessage (C:\dark-warriors-bot\node_modules\@discordjs\ws\dist\index.js:1007:14)
[2025-09-03T02:15:36.758Z] ReferenceError: balances is not defined
    at Client.<anonymous> (C:\dark-warriors-bot\index.js:413:3)
    at Client.emit (node:events:518:28)
    at MessageCreateAction.handle (C:\dark-warriors-bot\node_modules\discord.js\src\client\actions\MessageCreate.js:32:14)
    at module.exports [as MESSAGE_CREATE] (C:\dark-warriors-bot\node_modules\discord.js\src\client\websocket\handlers\MESSAGE_CREATE.js:4:32)
    at WebSocketManager.handlePacket (C:\dark-warriors-bot\node_modules\discord.js\src\client\websocket\WebSocketManager.js:351:31)
    at WebSocketManager.<anonymous> (C:\dark-warriors-bot\node_modules\discord.js\src\client\websocket\WebSocketManager.js:235:12)
    at WebSocketManager.emit (C:\dark-warriors-bot\node_modules\@vladfrangu\async_event_emitter\dist\index.cjs:287:31)
    at WebSocketShard.<anonymous> (C:\dark-warriors-bot\node_modules\@discordjs\ws\dist\index.js:1190:51)
    at WebSocketShard.emit (C:\dark-warriors-bot\node_modules\@vladfrangu\async_event_emitter\dist\index.cjs:287:31)
    at WebSocketShard.onMessage (C:\dark-warriors-bot\node_modules\@discordjs\ws\dist\index.js:1007:14)
[2025-09-03T02:26:11.956Z] ReferenceError: balances is not defined
    at Client.<anonymous> (C:\dark-warriors-bot\index.js:383:3)
    at Client.emit (node:events:518:28)
    at MessageCreateAction.handle (C:\dark-warriors-bot\node_modules\discord.js\src\client\actions\MessageCreate.js:32:14)
    at module.exports [as MESSAGE_CREATE] (C:\dark-warriors-bot\node_modules\discord.js\src\client\websocket\handlers\MESSAGE_CREATE.js:4:32)
    at WebSocketManager.handlePacket (C:\dark-warriors-bot\node_modules\discord.js\src\client\websocket\WebSocketManager.js:351:31)
    at WebSocketManager.<anonymous> (C:\dark-warriors-bot\node_modules\discord.js\src\client\websocket\WebSocketManager.js:235:12)
    at WebSocketManager.emit (C:\dark-warriors-bot\node_modules\@vladfrangu\async_event_emitter\dist\index.cjs:287:31)
    at WebSocketShard.<anonymous> (C:\dark-warriors-bot\node_modules\@discordjs\ws\dist\index.js:1190:51)
    at WebSocketShard.emit (C:\dark-warriors-bot\node_modules\@vladfrangu\async_event_emitter\dist\index.cjs:287:31)
    at WebSocketShard.onMessage (C:\dark-warriors-bot\node_modules\@discordjs\ws\dist\index.js:1007:14)
[2025-09-03T02:31:00.739Z] TypeError: Cannot read properties of undefined (reading '1264764751892709389')
    at Object.ensureEconomyUser (C:\dark-warriors-bot\index.js:74:16)
    at Object.execute (C:\dark-warriors-bot\commands\work.js:36:30)
    at Client.<anonymous> (C:\dark-warriors-bot\index.js:351:19)
    at Client.emit (node:events:518:28)
    at MessageCreateAction.handle (C:\dark-warriors-bot\node_modules\discord.js\src\client\actions\MessageCreate.js:32:14)
    at module.exports [as MESSAGE_CREATE] (C:\dark-warriors-bot\node_modules\discord.js\src\client\websocket\handlers\MESSAGE_CREATE.js:4:32)
    at WebSocketManager.handlePacket (C:\dark-warriors-bot\node_modules\discord.js\src\client\websocket\WebSocketManager.js:351:31)
    at WebSocketManager.<anonymous> (C:\dark-warriors-bot\node_modules\discord.js\src\client\websocket\WebSocketManager.js:235:12)
    at WebSocketManager.emit (C:\dark-warriors-bot\node_modules\@vladfrangu\async_event_emitter\dist\index.cjs:287:31)
    at WebSocketShard.<anonymous> (C:\dark-warriors-bot\node_modules\@discordjs\ws\dist\index.js:1190:51)
[2025-09-03T03:01:44.003Z] TypeError: Cannot read properties of undefined (reading '1264764751892709389')
    at Object.ensureEconomyUser (C:\dark-warriors-bot\index.js:74:16)
    at Object.execute (C:\dark-warriors-bot\commands\work.js:37:30)
    at Client.<anonymous> (C:\dark-warriors-bot\index.js:351:19)
    at Client.emit (node:events:518:28)
    at MessageCreateAction.handle (C:\dark-warriors-bot\node_modules\discord.js\src\client\actions\MessageCreate.js:32:14)
    at module.exports [as MESSAGE_CREATE] (C:\dark-warriors-bot\node_modules\discord.js\src\client\websocket\handlers\MESSAGE_CREATE.js:4:32)
    at WebSocketManager.handlePacket (C:\dark-warriors-bot\node_modules\discord.js\src\client\websocket\WebSocketManager.js:351:31)
    at WebSocketManager.<anonymous> (C:\dark-warriors-bot\node_modules\discord.js\src\client\websocket\WebSocketManager.js:235:12)
    at WebSocketManager.emit (C:\dark-warriors-bot\node_modules\@vladfrangu\async_event_emitter\dist\index.cjs:287:31)
    at WebSocketShard.<anonymous> (C:\dark-warriors-bot\node_modules\@discordjs\ws\dist\index.js:1190:51)
[2025-09-03T03:15:36.032Z] TypeError: Cannot read properties of undefined (reading '1264764751892709389')
    at Object.ensureEconomyUser (C:\dark-warriors-bot\index.js:84:16)
    at Object.execute (C:\dark-warriors-bot\commands\work.js:37:30)
    at Client.<anonymous> (C:\dark-warriors-bot\index.js:361:19)
    at Client.emit (node:events:518:28)
    at MessageCreateAction.handle (C:\dark-warriors-bot\node_modules\discord.js\src\client\actions\MessageCreate.js:32:14)
    at module.exports [as MESSAGE_CREATE] (C:\dark-warriors-bot\node_modules\discord.js\src\client\websocket\handlers\MESSAGE_CREATE.js:4:32)
    at WebSocketManager.handlePacket (C:\dark-warriors-bot\node_modules\discord.js\src\client\websocket\WebSocketManager.js:351:31)
    at WebSocketManager.<anonymous> (C:\dark-warriors-bot\node_modules\discord.js\src\client\websocket\WebSocketManager.js:235:12)
    at WebSocketManager.emit (C:\dark-warriors-bot\node_modules\@vladfrangu\async_event_emitter\dist\index.cjs:287:31)
    at WebSocketShard.<anonymous> (C:\dark-warriors-bot\node_modules\@discordjs\ws\dist\index.js:1190:51)
[2025-09-03T03:20:47.953Z] TypeError: Cannot read properties of undefined (reading '1264764751892709389')
    at Object.ensureEconomyUser (C:\dark-warriors-bot\index.js:86:16)
    at Object.execute (C:\dark-warriors-bot\commands\work.js:37:30)
    at Client.<anonymous> (C:\dark-warriors-bot\index.js:363:19)
    at Client.emit (node:events:518:28)
    at MessageCreateAction.handle (C:\dark-warriors-bot\node_modules\discord.js\src\client\actions\MessageCreate.js:32:14)
    at module.exports [as MESSAGE_CREATE] (C:\dark-warriors-bot\node_modules\discord.js\src\client\websocket\handlers\MESSAGE_CREATE.js:4:32)
    at WebSocketManager.handlePacket (C:\dark-warriors-bot\node_modules\discord.js\src\client\websocket\WebSocketManager.js:351:31)
    at WebSocketManager.<anonymous> (C:\dark-warriors-bot\node_modules\discord.js\src\client\websocket\WebSocketManager.js:235:12)
    at WebSocketManager.emit (C:\dark-warriors-bot\node_modules\@vladfrangu\async_event_emitter\dist\index.cjs:287:31)
    at WebSocketShard.<anonymous> (C:\dark-warriors-bot\node_modules\@discordjs\ws\dist\index.js:1190:51)
[2025-09-03T03:21:23.982Z] TypeError: economyData.formatCoins is not a function
    at Object.execute (C:\dark-warriors-bot\commands\balance.js:38:33)
    at Client.<anonymous> (C:\dark-warriors-bot\index.js:298:21)
    at Client.emit (node:events:518:28)
    at MessageCreateAction.handle (C:\dark-warriors-bot\node_modules\discord.js\src\client\actions\MessageCreate.js:32:14)
    at module.exports [as MESSAGE_CREATE] (C:\dark-warriors-bot\node_modules\discord.js\src\client\websocket\handlers\MESSAGE_CREATE.js:4:32)
    at WebSocketManager.handlePacket (C:\dark-warriors-bot\node_modules\discord.js\src\client\websocket\WebSocketManager.js:351:31)
    at WebSocketManager.<anonymous> (C:\dark-warriors-bot\node_modules\discord.js\src\client\websocket\WebSocketManager.js:235:12)
    at WebSocketManager.emit (C:\dark-warriors-bot\node_modules\@vladfrangu\async_event_emitter\dist\index.cjs:287:31)
    at WebSocketShard.<anonymous> (C:\dark-warriors-bot\node_modules\@discordjs\ws\dist\index.js:1190:51)
    at WebSocketShard.emit (C:\dark-warriors-bot\node_modules\@vladfrangu\async_event_emitter\dist\index.cjs:287:31)
[2025-09-03T15:48:48.527Z] TypeError: Cannot read properties of undefined (reading 'toLocaleString')
    at Object.formatCoins (C:\dark-warriors-bot\economyData.js:86:17)
    at Object.execute (C:\dark-warriors-bot\commands\balance.js:12:29)
    at Client.<anonymous> (C:\dark-warriors-bot\index.js:363:19)
    at Client.emit (node:events:518:28)
    at MessageCreateAction.handle (C:\dark-warriors-bot\node_modules\discord.js\src\client\actions\MessageCreate.js:32:14)
    at module.exports [as MESSAGE_CREATE] (C:\dark-warriors-bot\node_modules\discord.js\src\client\websocket\handlers\MESSAGE_CREATE.js:4:32)
    at WebSocketManager.handlePacket (C:\dark-warriors-bot\node_modules\discord.js\src\client\websocket\WebSocketManager.js:351:31)
    at WebSocketManager.<anonymous> (C:\dark-warriors-bot\node_modules\discord.js\src\client\websocket\WebSocketManager.js:235:12)
    at WebSocketManager.emit (C:\dark-warriors-bot\node_modules\@vladfrangu\async_event_emitter\dist\index.cjs:287:31)
    at WebSocketShard.<anonymous> (C:\dark-warriors-bot\node_modules\@discordjs\ws\dist\index.js:1190:51)
[2025-09-03T15:49:08.289Z] TypeError: Cannot read properties of undefined (reading 'toLocaleString')
    at Object.formatCoins (C:\dark-warriors-bot\economyData.js:86:17)
    at Object.execute (C:\dark-warriors-bot\commands\balance.js:12:29)
    at Client.<anonymous> (C:\dark-warriors-bot\index.js:363:19)
    at Client.emit (node:events:518:28)
    at MessageCreateAction.handle (C:\dark-warriors-bot\node_modules\discord.js\src\client\actions\MessageCreate.js:32:14)
    at module.exports [as MESSAGE_CREATE] (C:\dark-warriors-bot\node_modules\discord.js\src\client\websocket\handlers\MESSAGE_CREATE.js:4:32)
    at WebSocketManager.handlePacket (C:\dark-warriors-bot\node_modules\discord.js\src\client\websocket\WebSocketManager.js:351:31)
    at WebSocketManager.<anonymous> (C:\dark-warriors-bot\node_modules\discord.js\src\client\websocket\WebSocketManager.js:235:12)
    at WebSocketManager.emit (C:\dark-warriors-bot\node_modules\@vladfrangu\async_event_emitter\dist\index.cjs:287:31)
    at WebSocketShard.<anonymous> (C:\dark-warriors-bot\node_modules\@discordjs\ws\dist\index.js:1190:51)
[2025-09-03T15:50:38.741Z] TypeError: Cannot read properties of undefined (reading 'toLocaleString')
    at Object.formatCoins (C:\dark-warriors-bot\economyData.js:86:17)
    at Object.execute (C:\dark-warriors-bot\commands\balance.js:12:29)
    at Client.<anonymous> (C:\dark-warriors-bot\index.js:363:19)
    at Client.emit (node:events:518:28)
    at MessageCreateAction.handle (C:\dark-warriors-bot\node_modules\discord.js\src\client\actions\MessageCreate.js:32:14)
    at module.exports [as MESSAGE_CREATE] (C:\dark-warriors-bot\node_modules\discord.js\src\client\websocket\handlers\MESSAGE_CREATE.js:4:32)
    at WebSocketManager.handlePacket (C:\dark-warriors-bot\node_modules\discord.js\src\client\websocket\WebSocketManager.js:351:31)
    at WebSocketManager.<anonymous> (C:\dark-warriors-bot\node_modules\discord.js\src\client\websocket\WebSocketManager.js:235:12)
    at WebSocketManager.emit (C:\dark-warriors-bot\node_modules\@vladfrangu\async_event_emitter\dist\index.cjs:287:31)
    at WebSocketShard.<anonymous> (C:\dark-warriors-bot\node_modules\@discordjs\ws\dist\index.js:1190:51)
[2025-09-03T16:48:35.105Z] TypeError: Cannot read properties of undefined (reading '1264764751892709389')
    at Object.ensureEconomyUser (C:\dark-warriors-bot\index.js:86:16)
    at Object.execute (C:\dark-warriors-bot\commands\callup.js:22:34)
    at Client.<anonymous> (C:\dark-warriors-bot\index.js:363:19)
    at Client.emit (node:events:518:28)
    at MessageCreateAction.handle (C:\dark-warriors-bot\node_modules\discord.js\src\client\actions\MessageCreate.js:32:14)
    at module.exports [as MESSAGE_CREATE] (C:\dark-warriors-bot\node_modules\discord.js\src\client\websocket\handlers\MESSAGE_CREATE.js:4:32)
    at WebSocketManager.handlePacket (C:\dark-warriors-bot\node_modules\discord.js\src\client\websocket\WebSocketManager.js:351:31)
    at WebSocketManager.<anonymous> (C:\dark-warriors-bot\node_modules\discord.js\src\client\websocket\WebSocketManager.js:235:12)
    at WebSocketManager.emit (C:\dark-warriors-bot\node_modules\@vladfrangu\async_event_emitter\dist\index.cjs:287:31)
    at WebSocketShard.<anonymous> (C:\dark-warriors-bot\node_modules\@discordjs\ws\dist\index.js:1190:51)
[2025-09-03T19:51:15.996Z] TypeError [ERR_INVALID_ARG_TYPE]: The "data" argument must be of type string or an instance of Buffer, TypedArray, or DataView. Received undefined
    at Object.writeFileSync (node:fs:2435:5)
    at Object.saveEconomy (C:\dark-warriors-bot\economyData.js:17:6)
    at Object.execute (C:\dark-warriors-bot\commands\callup.js:32:13)
    at Client.<anonymous> (C:\dark-warriors-bot\index.js:363:19)
    at Client.emit (node:events:518:28)
    at MessageCreateAction.handle (C:\dark-warriors-bot\node_modules\discord.js\src\client\actions\MessageCreate.js:32:14)
    at module.exports [as MESSAGE_CREATE] (C:\dark-warriors-bot\node_modules\discord.js\src\client\websocket\handlers\MESSAGE_CREATE.js:4:32)
    at WebSocketManager.handlePacket (C:\dark-warriors-bot\node_modules\discord.js\src\client\websocket\WebSocketManager.js:351:31)
    at WebSocketManager.<anonymous> (C:\dark-warriors-bot\node_modules\discord.js\src\client\websocket\WebSocketManager.js:235:12)
    at WebSocketManager.emit (C:\dark-warriors-bot\node_modules\@vladfrangu\async_event_emitter\dist\index.cjs:287:31)
[2025-09-03T19:57:18.688Z] TypeError [ERR_INVALID_ARG_TYPE]: The "data" argument must be of type string or an instance of Buffer, TypedArray, or DataView. Received undefined
    at Object.writeFileSync (node:fs:2435:5)
    at Object.saveEconomy (C:\dark-warriors-bot\economyData.js:19:6)
    at Object.execute (C:\dark-warriors-bot\commands\callup.js:32:13)
    at Client.<anonymous> (C:\dark-warriors-bot\index.js:363:19)
    at Client.emit (node:events:518:28)
    at MessageCreateAction.handle (C:\dark-warriors-bot\node_modules\discord.js\src\client\actions\MessageCreate.js:32:14)
    at module.exports [as MESSAGE_CREATE] (C:\dark-warriors-bot\node_modules\discord.js\src\client\websocket\handlers\MESSAGE_CREATE.js:4:32)
    at WebSocketManager.handlePacket (C:\dark-warriors-bot\node_modules\discord.js\src\client\websocket\WebSocketManager.js:351:31)
    at WebSocketManager.<anonymous> (C:\dark-warriors-bot\node_modules\discord.js\src\client\websocket\WebSocketManager.js:235:12)
    at WebSocketManager.emit (C:\dark-warriors-bot\node_modules\@vladfrangu\async_event_emitter\dist\index.cjs:287:31)
[2025-09-07T00:10:10.182Z] TypeError: readData is not a function
    at Object.execute (C:\dark-warriors-bot\commands\contract.js:28:29)
    at Client.<anonymous> (C:\dark-warriors-bot\index.js:363:19)
    at Client.emit (node:events:518:28)
    at MessageCreateAction.handle (C:\dark-warriors-bot\node_modules\discord.js\src\client\actions\MessageCreate.js:32:14)
    at module.exports [as MESSAGE_CREATE] (C:\dark-warriors-bot\node_modules\discord.js\src\client\websocket\handlers\MESSAGE_CREATE.js:4:32)
    at WebSocketManager.handlePacket (C:\dark-warriors-bot\node_modules\discord.js\src\client\websocket\WebSocketManager.js:351:31)
    at WebSocketManager.<anonymous> (C:\dark-warriors-bot\node_modules\discord.js\src\client\websocket\WebSocketManager.js:235:12)
    at WebSocketManager.emit (C:\dark-warriors-bot\node_modules\@vladfrangu\async_event_emitter\dist\index.cjs:287:31)
    at WebSocketShard.<anonymous> (C:\dark-warriors-bot\node_modules\@discordjs\ws\dist\index.js:1190:51)
    at WebSocketShard.emit (C:\dark-warriors-bot\node_modules\@vladfrangu\async_event_emitter\dist\index.cjs:287:31)
[2025-09-08T00:28:44.299Z] TypeError: economy.getBalance is not a function
    at Object.execute (C:\dark-warriors-bot\commands\blackjack.js:56:31)
    at Client.<anonymous> (C:\dark-warriors-bot\index.js:363:19)
    at Client.emit (node:events:518:28)
    at MessageCreateAction.handle (C:\dark-warriors-bot\node_modules\discord.js\src\client\actions\MessageCreate.js:32:14)
    at module.exports [as MESSAGE_CREATE] (C:\dark-warriors-bot\node_modules\discord.js\src\client\websocket\handlers\MESSAGE_CREATE.js:4:32)
    at WebSocketManager.handlePacket (C:\dark-warriors-bot\node_modules\discord.js\src\client\websocket\WebSocketManager.js:351:31)
    at WebSocketManager.<anonymous> (C:\dark-warriors-bot\node_modules\discord.js\src\client\websocket\WebSocketManager.js:235:12)
    at WebSocketManager.emit (C:\dark-warriors-bot\node_modules\@vladfrangu\async_event_emitter\dist\index.cjs:287:31)
    at WebSocketShard.<anonymous> (C:\dark-warriors-bot\node_modules\@discordjs\ws\dist\index.js:1190:51)
    at WebSocketShard.emit (C:\dark-warriors-bot\node_modules\@vladfrangu\async_event_emitter\dist\index.cjs:287:31)
[2025-09-08T02:28:31.675Z] TypeError: Cannot read properties of undefined (reading 'id')
    at Object.execute (C:\dark-warriors-bot\commands\blackjack.js:9:37)
    at Client.<anonymous> (C:\dark-warriors-bot\index.js:363:19)
    at Client.emit (node:events:518:28)
    at MessageCreateAction.handle (C:\dark-warriors-bot\node_modules\discord.js\src\client\actions\MessageCreate.js:32:14)
    at module.exports [as MESSAGE_CREATE] (C:\dark-warriors-bot\node_modules\discord.js\src\client\websocket\handlers\MESSAGE_CREATE.js:4:32)
    at WebSocketManager.handlePacket (C:\dark-warriors-bot\node_modules\discord.js\src\client\websocket\WebSocketManager.js:351:31)
    at WebSocketManager.<anonymous> (C:\dark-warriors-bot\node_modules\discord.js\src\client\websocket\WebSocketManager.js:235:12)
    at WebSocketManager.emit (C:\dark-warriors-bot\node_modules\@vladfrangu\async_event_emitter\dist\index.cjs:287:31)
    at WebSocketShard.<anonymous> (C:\dark-warriors-bot\node_modules\@discordjs\ws\dist\index.js:1190:51)
    at WebSocketShard.emit (C:\dark-warriors-bot\node_modules\@vladfrangu\async_event_emitter\dist\index.cjs:287:31)
[2025-09-08T02:30:07.309Z] TypeError: Cannot read properties of undefined (reading 'id')
    at Object.execute (C:\dark-warriors-bot\commands\blackjack.js:9:37)
    at Client.<anonymous> (C:\dark-warriors-bot\index.js:363:19)
    at Client.emit (node:events:518:28)
    at MessageCreateAction.handle (C:\dark-warriors-bot\node_modules\discord.js\src\client\actions\MessageCreate.js:32:14)
    at module.exports [as MESSAGE_CREATE] (C:\dark-warriors-bot\node_modules\discord.js\src\client\websocket\handlers\MESSAGE_CREATE.js:4:32)
    at WebSocketManager.handlePacket (C:\dark-warriors-bot\node_modules\discord.js\src\client\websocket\WebSocketManager.js:351:31)
    at WebSocketManager.<anonymous> (C:\dark-warriors-bot\node_modules\discord.js\src\client\websocket\WebSocketManager.js:235:12)
    at WebSocketManager.emit (C:\dark-warriors-bot\node_modules\@vladfrangu\async_event_emitter\dist\index.cjs:287:31)
    at WebSocketShard.<anonymous> (C:\dark-warriors-bot\node_modules\@discordjs\ws\dist\index.js:1190:51)
    at WebSocketShard.emit (C:\dark-warriors-bot\node_modules\@vladfrangu\async_event_emitter\dist\index.cjs:287:31)
[2025-09-08T02:37:25.755Z] TypeError: MessageActionRow is not a constructor
    at Object.execute (C:\dark-warriors-bot\commands\blackjack.js:55:17)
    at Client.<anonymous> (C:\dark-warriors-bot\index.js:363:19)
    at Client.emit (node:events:518:28)
    at MessageCreateAction.handle (C:\dark-warriors-bot\node_modules\discord.js\src\client\actions\MessageCreate.js:32:14)
    at module.exports [as MESSAGE_CREATE] (C:\dark-warriors-bot\node_modules\discord.js\src\client\websocket\handlers\MESSAGE_CREATE.js:4:32)
    at WebSocketManager.handlePacket (C:\dark-warriors-bot\node_modules\discord.js\src\client\websocket\WebSocketManager.js:351:31)
    at WebSocketManager.<anonymous> (C:\dark-warriors-bot\node_modules\discord.js\src\client\websocket\WebSocketManager.js:235:12)
    at WebSocketManager.emit (C:\dark-warriors-bot\node_modules\@vladfrangu\async_event_emitter\dist\index.cjs:287:31)
    at WebSocketShard.<anonymous> (C:\dark-warriors-bot\node_modules\@discordjs\ws\dist\index.js:1190:51)
    at WebSocketShard.emit (C:\dark-warriors-bot\node_modules\@vladfrangu\async_event_emitter\dist\index.cjs:287:31)
[2025-09-08T02:50:57.765Z] TypeError: MessageActionRow is not a constructor
    at Object.execute (C:\dark-warriors-bot\commands\blackjack.js:45:17)
    at Client.<anonymous> (C:\dark-warriors-bot\index.js:363:19)
    at Client.emit (node:events:518:28)
    at MessageCreateAction.handle (C:\dark-warriors-bot\node_modules\discord.js\src\client\actions\MessageCreate.js:32:14)
    at module.exports [as MESSAGE_CREATE] (C:\dark-warriors-bot\node_modules\discord.js\src\client\websocket\handlers\MESSAGE_CREATE.js:4:32)
    at WebSocketManager.handlePacket (C:\dark-warriors-bot\node_modules\discord.js\src\client\websocket\WebSocketManager.js:351:31)
    at WebSocketManager.<anonymous> (C:\dark-warriors-bot\node_modules\discord.js\src\client\websocket\WebSocketManager.js:235:12)
    at WebSocketManager.emit (C:\dark-warriors-bot\node_modules\@vladfrangu\async_event_emitter\dist\index.cjs:287:31)
    at WebSocketShard.<anonymous> (C:\dark-warriors-bot\node_modules\@discordjs\ws\dist\index.js:1190:51)
    at WebSocketShard.emit (C:\dark-warriors-bot\node_modules\@vladfrangu\async_event_emitter\dist\index.cjs:287:31)
[2025-09-08T02:52:00.730Z] ReferenceError: MessageActionRow is not defined
    at Object.execute (C:\dark-warriors-bot\commands\blackjack.js:45:17)
    at Client.<anonymous> (C:\dark-warriors-bot\index.js:363:19)
    at Client.emit (node:events:518:28)
    at MessageCreateAction.handle (C:\dark-warriors-bot\node_modules\discord.js\src\client\actions\MessageCreate.js:32:14)
    at module.exports [as MESSAGE_CREATE] (C:\dark-warriors-bot\node_modules\discord.js\src\client\websocket\handlers\MESSAGE_CREATE.js:4:32)
    at WebSocketManager.handlePacket (C:\dark-warriors-bot\node_modules\discord.js\src\client\websocket\WebSocketManager.js:351:31)
    at WebSocketManager.<anonymous> (C:\dark-warriors-bot\node_modules\discord.js\src\client\websocket\WebSocketManager.js:235:12)
    at WebSocketManager.emit (C:\dark-warriors-bot\node_modules\@vladfrangu\async_event_emitter\dist\index.cjs:287:31)
    at WebSocketShard.<anonymous> (C:\dark-warriors-bot\node_modules\@discordjs\ws\dist\index.js:1190:51)
    at WebSocketShard.emit (C:\dark-warriors-bot\node_modules\@vladfrangu\async_event_emitter\dist\index.cjs:287:31)
[2025-09-08T03:53:47.257Z] ReferenceError: economy is not defined
    at getEmbed (C:\dark-warriors-bot\commands\blackjack.js:60:40)
    at Object.execute (C:\dark-warriors-bot\commands\blackjack.js:62:21)
    at Client.<anonymous> (C:\dark-warriors-bot\index.js:363:19)
    at Client.emit (node:events:518:28)
    at MessageCreateAction.handle (C:\dark-warriors-bot\node_modules\discord.js\src\client\actions\MessageCreate.js:32:14)
    at module.exports [as MESSAGE_CREATE] (C:\dark-warriors-bot\node_modules\discord.js\src\client\websocket\handlers\MESSAGE_CREATE.js:4:32)
    at WebSocketManager.handlePacket (C:\dark-warriors-bot\node_modules\discord.js\src\client\websocket\WebSocketManager.js:351:31)
    at WebSocketManager.<anonymous> (C:\dark-warriors-bot\node_modules\discord.js\src\client\websocket\WebSocketManager.js:235:12)
    at WebSocketManager.emit (C:\dark-warriors-bot\node_modules\@vladfrangu\async_event_emitter\dist\index.cjs:287:31)
    at WebSocketShard.<anonymous> (C:\dark-warriors-bot\node_modules\@discordjs\ws\dist\index.js:1190:51)
[2025-09-08T04:05:25.341Z] ReferenceError: Cannot access 'embed' before initialization
    at Object.execute (C:\dark-warriors-bot\commands\blackjack.js:60:13)
    at Client.<anonymous> (C:\dark-warriors-bot\index.js:363:19)
    at Client.emit (node:events:518:28)
    at MessageCreateAction.handle (C:\dark-warriors-bot\node_modules\discord.js\src\client\actions\MessageCreate.js:32:14)
    at module.exports [as MESSAGE_CREATE] (C:\dark-warriors-bot\node_modules\discord.js\src\client\websocket\handlers\MESSAGE_CREATE.js:4:32)
    at WebSocketManager.handlePacket (C:\dark-warriors-bot\node_modules\discord.js\src\client\websocket\WebSocketManager.js:351:31)
    at WebSocketManager.<anonymous> (C:\dark-warriors-bot\node_modules\discord.js\src\client\websocket\WebSocketManager.js:235:12)
    at WebSocketManager.emit (C:\dark-warriors-bot\node_modules\@vladfrangu\async_event_emitter\dist\index.cjs:287:31)
    at WebSocketShard.<anonymous> (C:\dark-warriors-bot\node_modules\@discordjs\ws\dist\index.js:1190:51)
    at WebSocketShard.emit (C:\dark-warriors-bot\node_modules\@vladfrangu\async_event_emitter\dist\index.cjs:287:31)
[2025-09-08T04:31:00.524Z] TypeError [ERR_INVALID_ARG_TYPE]: The "data" argument must be of type string or an instance of Buffer, TypedArray, or DataView. Received undefined
    at Object.writeFileSync (node:fs:2435:5)
    at saveEconomy (C:\dark-warriors-bot\economyData.js:17:6)
    at Object.execute (C:\dark-warriors-bot\commands\specialops.js:69:9)
    at Client.<anonymous> (C:\dark-warriors-bot\index.js:363:19)
    at Client.emit (node:events:518:28)
    at MessageCreateAction.handle (C:\dark-warriors-bot\node_modules\discord.js\src\client\actions\MessageCreate.js:32:14)
    at module.exports [as MESSAGE_CREATE] (C:\dark-warriors-bot\node_modules\discord.js\src\client\websocket\handlers\MESSAGE_CREATE.js:4:32)
    at WebSocketManager.handlePacket (C:\dark-warriors-bot\node_modules\discord.js\src\client\websocket\WebSocketManager.js:351:31)
    at WebSocketManager.<anonymous> (C:\dark-warriors-bot\node_modules\discord.js\src\client\websocket\WebSocketManager.js:235:12)
    at WebSocketManager.emit (C:\dark-warriors-bot\node_modules\@vladfrangu\async_event_emitter\dist\index.cjs:287:31)
[2025-09-08T04:55:47.518Z] SyntaxError: Expected double-quoted property name in JSON at position 1323 (line 71 column 3)
    at JSON.parse (<anonymous>)
    at loadEconomy (C:\dark-warriors-bot\economyData.js:12:15)
    at Object.ensureEconomyUser (C:\dark-warriors-bot\economyData.js:22:19)
    at Object.execute (C:\dark-warriors-bot\commands\upgradedefense.js:32:30)
    at Client.<anonymous> (C:\dark-warriors-bot\index.js:363:19)
    at Client.emit (node:events:518:28)
    at MessageCreateAction.handle (C:\dark-warriors-bot\node_modules\discord.js\src\client\actions\MessageCreate.js:32:14)
    at module.exports [as MESSAGE_CREATE] (C:\dark-warriors-bot\node_modules\discord.js\src\client\websocket\handlers\MESSAGE_CREATE.js:4:32)
    at WebSocketManager.handlePacket (C:\dark-warriors-bot\node_modules\discord.js\src\client\websocket\WebSocketManager.js:351:31)
    at WebSocketManager.<anonymous> (C:\dark-warriors-bot\node_modules\discord.js\src\client\websocket\WebSocketManager.js:235:12)
[2025-09-08T05:00:28.827Z] SyntaxError: Expected double-quoted property name in JSON at position 1323 (line 71 column 3)
    at JSON.parse (<anonymous>)
    at loadEconomy (C:\dark-warriors-bot\economyData.js:12:15)
    at Object.ensureEconomyUser (C:\dark-warriors-bot\economyData.js:22:19)
    at Object.execute (C:\dark-warriors-bot\commands\balance.js:9:30)
    at Client.<anonymous> (C:\dark-warriors-bot\index.js:363:19)
    at Client.emit (node:events:518:28)
    at MessageCreateAction.handle (C:\dark-warriors-bot\node_modules\discord.js\src\client\actions\MessageCreate.js:32:14)
    at module.exports [as MESSAGE_CREATE] (C:\dark-warriors-bot\node_modules\discord.js\src\client\websocket\handlers\MESSAGE_CREATE.js:4:32)
    at WebSocketManager.handlePacket (C:\dark-warriors-bot\node_modules\discord.js\src\client\websocket\WebSocketManager.js:351:31)
    at WebSocketManager.<anonymous> (C:\dark-warriors-bot\node_modules\discord.js\src\client\websocket\WebSocketManager.js:235:12)
[2025-09-08T05:00:30.120Z] SyntaxError: Expected double-quoted property name in JSON at position 1323 (line 71 column 3)
    at JSON.parse (<anonymous>)
    at loadEconomy (C:\dark-warriors-bot\economyData.js:12:15)
    at Object.ensureEconomyUser (C:\dark-warriors-bot\economyData.js:22:19)
    at Object.execute (C:\dark-warriors-bot\commands\upgradedefense.js:32:30)
    at Client.<anonymous> (C:\dark-warriors-bot\index.js:363:19)
    at Client.emit (node:events:518:28)
    at MessageCreateAction.handle (C:\dark-warriors-bot\node_modules\discord.js\src\client\actions\MessageCreate.js:32:14)
    at module.exports [as MESSAGE_CREATE] (C:\dark-warriors-bot\node_modules\discord.js\src\client\websocket\handlers\MESSAGE_CREATE.js:4:32)
    at WebSocketManager.handlePacket (C:\dark-warriors-bot\node_modules\discord.js\src\client\websocket\WebSocketManager.js:351:31)
    at WebSocketManager.<anonymous> (C:\dark-warriors-bot\node_modules\discord.js\src\client\websocket\WebSocketManager.js:235:12)
[2025-09-08T05:00:54.182Z] SyntaxError: Expected double-quoted property name in JSON at position 1323 (line 71 column 3)
    at JSON.parse (<anonymous>)
    at loadEconomy (C:\dark-warriors-bot\economyData.js:12:15)
    at Object.ensureEconomyUser (C:\dark-warriors-bot\economyData.js:22:19)
    at Object.execute (C:\dark-warriors-bot\commands\balance.js:9:30)
    at Client.<anonymous> (C:\dark-warriors-bot\index.js:363:19)
    at Client.emit (node:events:518:28)
    at MessageCreateAction.handle (C:\dark-warriors-bot\node_modules\discord.js\src\client\actions\MessageCreate.js:32:14)
    at module.exports [as MESSAGE_CREATE] (C:\dark-warriors-bot\node_modules\discord.js\src\client\websocket\handlers\MESSAGE_CREATE.js:4:32)
    at WebSocketManager.handlePacket (C:\dark-warriors-bot\node_modules\discord.js\src\client\websocket\WebSocketManager.js:351:31)
    at WebSocketManager.<anonymous> (C:\dark-warriors-bot\node_modules\discord.js\src\client\websocket\WebSocketManager.js:235:12)
[2025-09-09T19:58:09.666Z] TypeError [ERR_INVALID_ARG_TYPE]: The "data" argument must be of type string or an instance of Buffer, TypedArray, or DataView. Received undefined
    at Object.writeFileSync (node:fs:2435:5)
    at Object.saveEconomy (C:\dark-warriors-bot\economyData.js:17:6)
    at Object.execute (C:\dark-warriors-bot\commands\upgradedefense.js:58:13)
    at Client.<anonymous> (C:\dark-warriors-bot\index.js:363:19)
    at Client.emit (node:events:518:28)
    at MessageCreateAction.handle (C:\dark-warriors-bot\node_modules\discord.js\src\client\actions\MessageCreate.js:32:14)
    at module.exports [as MESSAGE_CREATE] (C:\dark-warriors-bot\node_modules\discord.js\src\client\websocket\handlers\MESSAGE_CREATE.js:4:32)
    at WebSocketManager.handlePacket (C:\dark-warriors-bot\node_modules\discord.js\src\client\websocket\WebSocketManager.js:351:31)
    at WebSocketManager.<anonymous> (C:\dark-warriors-bot\node_modules\discord.js\src\client\websocket\WebSocketManager.js:235:12)
    at WebSocketManager.emit (C:\dark-warriors-bot\node_modules\@vladfrangu\async_event_emitter\dist\index.cjs:287:31)
[2025-09-09T21:12:07.238Z] TypeError [ERR_INVALID_ARG_TYPE]: The "data" argument must be of type string or an instance of Buffer, TypedArray, or DataView. Received undefined
    at Object.writeFileSync (node:fs:2435:5)
    at Object.saveEconomy (C:\dark-warriors-bot\economyData.js:17:6)
    at Object.execute (C:\dark-warriors-bot\commands\upgradedefense.js:58:13)
    at Client.<anonymous> (C:\dark-warriors-bot\index.js:363:19)
    at Client.emit (node:events:518:28)
    at MessageCreateAction.handle (C:\dark-warriors-bot\node_modules\discord.js\src\client\actions\MessageCreate.js:32:14)
    at module.exports [as MESSAGE_CREATE] (C:\dark-warriors-bot\node_modules\discord.js\src\client\websocket\handlers\MESSAGE_CREATE.js:4:32)
    at WebSocketManager.handlePacket (C:\dark-warriors-bot\node_modules\discord.js\src\client\websocket\WebSocketManager.js:351:31)
    at WebSocketManager.<anonymous> (C:\dark-warriors-bot\node_modules\discord.js\src\client\websocket\WebSocketManager.js:235:12)
    at WebSocketManager.emit (C:\dark-warriors-bot\node_modules\@vladfrangu\async_event_emitter\dist\index.cjs:287:31)
[2025-09-13T16:58:39.405Z] DiscordAPIError[50007]: Cannot send messages to this user
    at handleErrors (C:\dark-warriors-bot\node_modules\@discordjs\rest\dist\index.js:748:13)
    at process.processTicksAndRejections (node:internal/process/task_queues:105:5)
    at async SequentialHandler.runRequest (C:\dark-warriors-bot\node_modules\@discordjs\rest\dist\index.js:1149:23)
    at async SequentialHandler.queueRequest (C:\dark-warriors-bot\node_modules\@discordjs\rest\dist\index.js:980:14)
    at async _REST.request (C:\dark-warriors-bot\node_modules\@discordjs\rest\dist\index.js:1293:22)
    at async DMChannel.send (C:\dark-warriors-bot\node_modules\discord.js\src\structures\interfaces\TextBasedChannel.js:195:15)
    at async Timeout._onTimeout (C:\dark-warriors-bot\index.js:260:17)
[2025-09-13T16:58:54.856Z] DiscordAPIError[50007]: Cannot send messages to this user
    at handleErrors (C:\dark-warriors-bot\node_modules\@discordjs\rest\dist\index.js:748:13)
    at process.processTicksAndRejections (node:internal/process/task_queues:105:5)
    at async SequentialHandler.runRequest (C:\dark-warriors-bot\node_modules\@discordjs\rest\dist\index.js:1149:23)
    at async SequentialHandler.queueRequest (C:\dark-warriors-bot\node_modules\@discordjs\rest\dist\index.js:980:14)
    at async _REST.request (C:\dark-warriors-bot\node_modules\@discordjs\rest\dist\index.js:1293:22)
    at async DMChannel.send (C:\dark-warriors-bot\node_modules\discord.js\src\structures\interfaces\TextBasedChannel.js:195:15)
    at async Timeout._onTimeout (C:\dark-warriors-bot\index.js:260:17)
[2025-09-13T16:59:00.523Z] DiscordAPIError[50007]: Cannot send messages to this user
    at handleErrors (C:\dark-warriors-bot\node_modules\@discordjs\rest\dist\index.js:748:13)
    at process.processTicksAndRejections (node:internal/process/task_queues:105:5)
    at async SequentialHandler.runRequest (C:\dark-warriors-bot\node_modules\@discordjs\rest\dist\index.js:1149:23)
    at async SequentialHandler.queueRequest (C:\dark-warriors-bot\node_modules\@discordjs\rest\dist\index.js:980:14)
    at async _REST.request (C:\dark-warriors-bot\node_modules\@discordjs\rest\dist\index.js:1293:22)
    at async DMChannel.send (C:\dark-warriors-bot\node_modules\discord.js\src\structures\interfaces\TextBasedChannel.js:195:15)
    at async Timeout._onTimeout (C:\dark-warriors-bot\index.js:260:17)
[2025-09-13T16:59:35.972Z] DiscordAPIError[50007]: Cannot send messages to this user
    at handleErrors (C:\dark-warriors-bot\node_modules\@discordjs\rest\dist\index.js:748:13)
    at process.processTicksAndRejections (node:internal/process/task_queues:105:5)
    at async SequentialHandler.runRequest (C:\dark-warriors-bot\node_modules\@discordjs\rest\dist\index.js:1149:23)
    at async SequentialHandler.queueRequest (C:\dark-warriors-bot\node_modules\@discordjs\rest\dist\index.js:980:14)
    at async _REST.request (C:\dark-warriors-bot\node_modules\@discordjs\rest\dist\index.js:1293:22)
    at async DMChannel.send (C:\dark-warriors-bot\node_modules\discord.js\src\structures\interfaces\TextBasedChannel.js:195:15)
    at async Timeout._onTimeout (C:\dark-warriors-bot\index.js:260:17)
[2025-09-13T16:59:49.128Z] DiscordAPIError[50007]: Cannot send messages to this user
    at handleErrors (C:\dark-warriors-bot\node_modules\@discordjs\rest\dist\index.js:748:13)
    at process.processTicksAndRejections (node:internal/process/task_queues:105:5)
    at async SequentialHandler.runRequest (C:\dark-warriors-bot\node_modules\@discordjs\rest\dist\index.js:1149:23)
    at async SequentialHandler.queueRequest (C:\dark-warriors-bot\node_modules\@discordjs\rest\dist\index.js:980:14)
    at async _REST.request (C:\dark-warriors-bot\node_modules\@discordjs\rest\dist\index.js:1293:22)
    at async DMChannel.send (C:\dark-warriors-bot\node_modules\discord.js\src\structures\interfaces\TextBasedChannel.js:195:15)
    at async Timeout._onTimeout (C:\dark-warriors-bot\index.js:260:17)
[2025-09-13T16:59:51.855Z] DiscordAPIError[50007]: Cannot send messages to this user
    at handleErrors (C:\dark-warriors-bot\node_modules\@discordjs\rest\dist\index.js:748:13)
    at process.processTicksAndRejections (node:internal/process/task_queues:105:5)
    at async SequentialHandler.runRequest (C:\dark-warriors-bot\node_modules\@discordjs\rest\dist\index.js:1149:23)
    at async SequentialHandler.queueRequest (C:\dark-warriors-bot\node_modules\@discordjs\rest\dist\index.js:980:14)
    at async _REST.request (C:\dark-warriors-bot\node_modules\@discordjs\rest\dist\index.js:1293:22)
    at async DMChannel.send (C:\dark-warriors-bot\node_modules\discord.js\src\structures\interfaces\TextBasedChannel.js:195:15)
    at async Timeout._onTimeout (C:\dark-warriors-bot\index.js:260:17)
[2025-09-13T18:00:50.858Z] DiscordAPIError[50007]: Cannot send messages to this user
    at handleErrors (C:\dark-warriors-bot\node_modules\@discordjs\rest\dist\index.js:748:13)
    at process.processTicksAndRejections (node:internal/process/task_queues:105:5)
    at async SequentialHandler.runRequest (C:\dark-warriors-bot\node_modules\@discordjs\rest\dist\index.js:1149:23)
    at async SequentialHandler.queueRequest (C:\dark-warriors-bot\node_modules\@discordjs\rest\dist\index.js:980:14)
    at async _REST.request (C:\dark-warriors-bot\node_modules\@discordjs\rest\dist\index.js:1293:22)
    at async DMChannel.send (C:\dark-warriors-bot\node_modules\discord.js\src\structures\interfaces\TextBasedChannel.js:195:15)
    at async Timeout._onTimeout (C:\dark-warriors-bot\index.js:281:15)
[2025-09-13T18:00:53.865Z] DiscordAPIError[50007]: Cannot send messages to this user
    at handleErrors (C:\dark-warriors-bot\node_modules\@discordjs\rest\dist\index.js:748:13)
    at process.processTicksAndRejections (node:internal/process/task_queues:105:5)
    at async SequentialHandler.runRequest (C:\dark-warriors-bot\node_modules\@discordjs\rest\dist\index.js:1149:23)
    at async SequentialHandler.queueRequest (C:\dark-warriors-bot\node_modules\@discordjs\rest\dist\index.js:980:14)
    at async _REST.request (C:\dark-warriors-bot\node_modules\@discordjs\rest\dist\index.js:1293:22)
    at async DMChannel.send (C:\dark-warriors-bot\node_modules\discord.js\src\structures\interfaces\TextBasedChannel.js:195:15)
    at async Timeout._onTimeout (C:\dark-warriors-bot\index.js:281:15)
[2025-09-14T04:37:34.134Z] TypeError: economy.modifyBalance is not a function
    at Object.execute (C:\dark-warriors-bot\commands\attack.js:132:17)
    at Client.<anonymous> (C:\dark-warriors-bot\index.js:363:19)
    at Client.emit (node:events:518:28)
    at MessageCreateAction.handle (C:\dark-warriors-bot\node_modules\discord.js\src\client\actions\MessageCreate.js:32:14)
    at module.exports [as MESSAGE_CREATE] (C:\dark-warriors-bot\node_modules\discord.js\src\client\websocket\handlers\MESSAGE_CREATE.js:4:32)
    at WebSocketManager.handlePacket (C:\dark-warriors-bot\node_modules\discord.js\src\client\websocket\WebSocketManager.js:351:31)
    at WebSocketManager.<anonymous> (C:\dark-warriors-bot\node_modules\discord.js\src\client\websocket\WebSocketManager.js:235:12)
    at WebSocketManager.emit (C:\dark-warriors-bot\node_modules\@vladfrangu\async_event_emitter\dist\index.cjs:287:31)
    at WebSocketShard.<anonymous> (C:\dark-warriors-bot\node_modules\@discordjs\ws\dist\index.js:1190:51)
    at WebSocketShard.emit (C:\dark-warriors-bot\node_modules\@vladfrangu\async_event_emitter\dist\index.cjs:287:31)
[2025-09-14T14:50:35.913Z] ConnectTimeoutError: Connect Timeout Error (attempted address: discord.com:443, timeout: 10000ms)
    at onConnectTimeout (C:\dark-warriors-bot\node_modules\undici\lib\core\connect.js:237:24)
    at Immediate._onImmediate (C:\dark-warriors-bot\node_modules\undici\lib\core\connect.js:188:35)
    at process.processImmediate (node:internal/timers:485:21)
[2025-09-14T16:58:33.991Z] DiscordAPIError[50007]: Cannot send messages to this user
    at handleErrors (C:\dark-warriors-bot\node_modules\@discordjs\rest\dist\index.js:748:13)
    at process.processTicksAndRejections (node:internal/process/task_queues:105:5)
    at async SequentialHandler.runRequest (C:\dark-warriors-bot\node_modules\@discordjs\rest\dist\index.js:1149:23)
    at async SequentialHandler.queueRequest (C:\dark-warriors-bot\node_modules\@discordjs\rest\dist\index.js:980:14)
    at async _REST.request (C:\dark-warriors-bot\node_modules\@discordjs\rest\dist\index.js:1293:22)
    at async DMChannel.send (C:\dark-warriors-bot\node_modules\discord.js\src\structures\interfaces\TextBasedChannel.js:195:15)
    at async Timeout._onTimeout (C:\dark-warriors-bot\index.js:260:17)
[2025-09-14T17:46:33.999Z] DiscordAPIError[50007]: Cannot send messages to this user
    at handleErrors (C:\dark-warriors-bot\node_modules\@discordjs\rest\dist\index.js:748:13)
    at process.processTicksAndRejections (node:internal/process/task_queues:105:5)
    at async SequentialHandler.runRequest (C:\dark-warriors-bot\node_modules\@discordjs\rest\dist\index.js:1149:23)
    at async SequentialHandler.queueRequest (C:\dark-warriors-bot\node_modules\@discordjs\rest\dist\index.js:980:14)
    at async _REST.request (C:\dark-warriors-bot\node_modules\@discordjs\rest\dist\index.js:1293:22)
    at async DMChannel.send (C:\dark-warriors-bot\node_modules\discord.js\src\structures\interfaces\TextBasedChannel.js:195:15)
    at async Client.<anonymous> (C:\dark-warriors-bot\index.js:340:9)
[2025-09-14T18:00:33.803Z] DiscordAPIError[50007]: Cannot send messages to this user
    at handleErrors (C:\dark-warriors-bot\node_modules\@discordjs\rest\dist\index.js:748:13)
    at process.processTicksAndRejections (node:internal/process/task_queues:105:5)
    at async SequentialHandler.runRequest (C:\dark-warriors-bot\node_modules\@discordjs\rest\dist\index.js:1149:23)
    at async SequentialHandler.queueRequest (C:\dark-warriors-bot\node_modules\@discordjs\rest\dist\index.js:980:14)
    at async _REST.request (C:\dark-warriors-bot\node_modules\@discordjs\rest\dist\index.js:1293:22)
    at async DMChannel.send (C:\dark-warriors-bot\node_modules\discord.js\src\structures\interfaces\TextBasedChannel.js:195:15)
    at async Timeout._onTimeout (C:\dark-warriors-bot\index.js:281:15)
[2025-09-14T19:46:40.907Z] TypeError: Cannot read properties of undefined (reading 'toLocaleString')
    at formatNumber (C:\dark-warriors-bot\commands\profile.js:22:16)
    at Object.execute (C:\dark-warriors-bot\commands\profile.js:53:48)
    at Client.<anonymous> (C:\dark-warriors-bot\index.js:363:19)
    at Client.emit (node:events:518:28)
    at MessageCreateAction.handle (C:\dark-warriors-bot\node_modules\discord.js\src\client\actions\MessageCreate.js:32:14)
    at module.exports [as MESSAGE_CREATE] (C:\dark-warriors-bot\node_modules\discord.js\src\client\websocket\handlers\MESSAGE_CREATE.js:4:32)
    at WebSocketManager.handlePacket (C:\dark-warriors-bot\node_modules\discord.js\src\client\websocket\WebSocketManager.js:351:31)
    at WebSocketManager.<anonymous> (C:\dark-warriors-bot\node_modules\discord.js\src\client\websocket\WebSocketManager.js:235:12)
    at WebSocketManager.emit (C:\dark-warriors-bot\node_modules\@vladfrangu\async_event_emitter\dist\index.cjs:287:31)
    at WebSocketShard.<anonymous> (C:\dark-warriors-bot\node_modules\@discordjs\ws\dist\index.js:1190:51)
[2025-09-14T19:47:12.083Z] TypeError: Cannot read properties of undefined (reading 'toLocaleString')
    at formatNumber (C:\dark-warriors-bot\commands\profile.js:22:16)
    at Object.execute (C:\dark-warriors-bot\commands\profile.js:53:48)
    at Client.<anonymous> (C:\dark-warriors-bot\index.js:363:19)
    at Client.emit (node:events:518:28)
    at MessageCreateAction.handle (C:\dark-warriors-bot\node_modules\discord.js\src\client\actions\MessageCreate.js:32:14)
    at module.exports [as MESSAGE_CREATE] (C:\dark-warriors-bot\node_modules\discord.js\src\client\websocket\handlers\MESSAGE_CREATE.js:4:32)
    at WebSocketManager.handlePacket (C:\dark-warriors-bot\node_modules\discord.js\src\client\websocket\WebSocketManager.js:351:31)
    at WebSocketManager.<anonymous> (C:\dark-warriors-bot\node_modules\discord.js\src\client\websocket\WebSocketManager.js:235:12)
    at WebSocketManager.emit (C:\dark-warriors-bot\node_modules\@vladfrangu\async_event_emitter\dist\index.cjs:287:31)
    at WebSocketShard.<anonymous> (C:\dark-warriors-bot\node_modules\@discordjs\ws\dist\index.js:1190:51)
[2025-09-14T19:47:23.828Z] TypeError: Cannot read properties of undefined (reading 'toLocaleString')
    at formatNumber (C:\dark-warriors-bot\commands\profile.js:22:16)
    at Object.execute (C:\dark-warriors-bot\commands\profile.js:53:48)
    at Client.<anonymous> (C:\dark-warriors-bot\index.js:363:19)
    at Client.emit (node:events:518:28)
    at MessageCreateAction.handle (C:\dark-warriors-bot\node_modules\discord.js\src\client\actions\MessageCreate.js:32:14)
    at module.exports [as MESSAGE_CREATE] (C:\dark-warriors-bot\node_modules\discord.js\src\client\websocket\handlers\MESSAGE_CREATE.js:4:32)
    at WebSocketManager.handlePacket (C:\dark-warriors-bot\node_modules\discord.js\src\client\websocket\WebSocketManager.js:351:31)
    at WebSocketManager.<anonymous> (C:\dark-warriors-bot\node_modules\discord.js\src\client\websocket\WebSocketManager.js:235:12)
    at WebSocketManager.emit (C:\dark-warriors-bot\node_modules\@vladfrangu\async_event_emitter\dist\index.cjs:287:31)
    at WebSocketShard.<anonymous> (C:\dark-warriors-bot\node_modules\@discordjs\ws\dist\index.js:1190:51)
[2025-09-14T19:47:34.817Z] TypeError: Cannot read properties of undefined (reading 'toLocaleString')
    at formatNumber (C:\dark-warriors-bot\commands\profile.js:22:16)
    at Object.execute (C:\dark-warriors-bot\commands\profile.js:53:48)
    at Client.<anonymous> (C:\dark-warriors-bot\index.js:363:19)
    at Client.emit (node:events:518:28)
    at MessageCreateAction.handle (C:\dark-warriors-bot\node_modules\discord.js\src\client\actions\MessageCreate.js:32:14)
    at module.exports [as MESSAGE_CREATE] (C:\dark-warriors-bot\node_modules\discord.js\src\client\websocket\handlers\MESSAGE_CREATE.js:4:32)
    at WebSocketManager.handlePacket (C:\dark-warriors-bot\node_modules\discord.js\src\client\websocket\WebSocketManager.js:351:31)
    at WebSocketManager.<anonymous> (C:\dark-warriors-bot\node_modules\discord.js\src\client\websocket\WebSocketManager.js:235:12)
    at WebSocketManager.emit (C:\dark-warriors-bot\node_modules\@vladfrangu\async_event_emitter\dist\index.cjs:287:31)
    at WebSocketShard.<anonymous> (C:\dark-warriors-bot\node_modules\@discordjs\ws\dist\index.js:1190:51)
[2025-09-14T19:52:49.457Z] TypeError: Cannot read properties of undefined (reading 'toLocaleString')
    at formatNumber (C:\dark-warriors-bot\commands\profile.js:22:16)
    at Object.execute (C:\dark-warriors-bot\commands\profile.js:53:48)
    at Client.<anonymous> (C:\dark-warriors-bot\index.js:363:19)
    at Client.emit (node:events:518:28)
    at MessageCreateAction.handle (C:\dark-warriors-bot\node_modules\discord.js\src\client\actions\MessageCreate.js:32:14)
    at module.exports [as MESSAGE_CREATE] (C:\dark-warriors-bot\node_modules\discord.js\src\client\websocket\handlers\MESSAGE_CREATE.js:4:32)
    at WebSocketManager.handlePacket (C:\dark-warriors-bot\node_modules\discord.js\src\client\websocket\WebSocketManager.js:351:31)
    at WebSocketManager.<anonymous> (C:\dark-warriors-bot\node_modules\discord.js\src\client\websocket\WebSocketManager.js:235:12)
    at WebSocketManager.emit (C:\dark-warriors-bot\node_modules\@vladfrangu\async_event_emitter\dist\index.cjs:287:31)
    at WebSocketShard.<anonymous> (C:\dark-warriors-bot\node_modules\@discordjs\ws\dist\index.js:1190:51)
[2025-09-14T19:54:20.999Z] TypeError: Cannot read properties of undefined (reading 'toLocaleString')
    at formatNumber (C:\dark-warriors-bot\commands\profile.js:22:16)
    at Object.execute (C:\dark-warriors-bot\commands\profile.js:53:48)
    at Client.<anonymous> (C:\dark-warriors-bot\index.js:363:19)
    at Client.emit (node:events:518:28)
    at MessageCreateAction.handle (C:\dark-warriors-bot\node_modules\discord.js\src\client\actions\MessageCreate.js:32:14)
    at module.exports [as MESSAGE_CREATE] (C:\dark-warriors-bot\node_modules\discord.js\src\client\websocket\handlers\MESSAGE_CREATE.js:4:32)
    at WebSocketManager.handlePacket (C:\dark-warriors-bot\node_modules\discord.js\src\client\websocket\WebSocketManager.js:351:31)
    at WebSocketManager.<anonymous> (C:\dark-warriors-bot\node_modules\discord.js\src\client\websocket\WebSocketManager.js:235:12)
    at WebSocketManager.emit (C:\dark-warriors-bot\node_modules\@vladfrangu\async_event_emitter\dist\index.cjs:287:31)
    at WebSocketShard.<anonymous> (C:\dark-warriors-bot\node_modules\@discordjs\ws\dist\index.js:1190:51)
[2025-09-14T19:54:34.662Z] TypeError: Cannot read properties of undefined (reading 'toLocaleString')
    at formatNumber (C:\dark-warriors-bot\commands\profile.js:22:16)
    at Object.execute (C:\dark-warriors-bot\commands\profile.js:53:48)
    at Client.<anonymous> (C:\dark-warriors-bot\index.js:363:19)
    at Client.emit (node:events:518:28)
    at MessageCreateAction.handle (C:\dark-warriors-bot\node_modules\discord.js\src\client\actions\MessageCreate.js:32:14)
    at module.exports [as MESSAGE_CREATE] (C:\dark-warriors-bot\node_modules\discord.js\src\client\websocket\handlers\MESSAGE_CREATE.js:4:32)
    at WebSocketManager.handlePacket (C:\dark-warriors-bot\node_modules\discord.js\src\client\websocket\WebSocketManager.js:351:31)
    at WebSocketManager.<anonymous> (C:\dark-warriors-bot\node_modules\discord.js\src\client\websocket\WebSocketManager.js:235:12)
    at WebSocketManager.emit (C:\dark-warriors-bot\node_modules\@vladfrangu\async_event_emitter\dist\index.cjs:287:31)
    at WebSocketShard.<anonymous> (C:\dark-warriors-bot\node_modules\@discordjs\ws\dist\index.js:1190:51)
[2025-09-14T19:55:24.437Z] TypeError: Cannot read properties of undefined (reading 'toLocaleString')
    at formatNumber (C:\dark-warriors-bot\commands\profile.js:22:16)
    at Object.execute (C:\dark-warriors-bot\commands\profile.js:53:48)
    at Client.<anonymous> (C:\dark-warriors-bot\index.js:363:19)
    at Client.emit (node:events:518:28)
    at MessageCreateAction.handle (C:\dark-warriors-bot\node_modules\discord.js\src\client\actions\MessageCreate.js:32:14)
    at module.exports [as MESSAGE_CREATE] (C:\dark-warriors-bot\node_modules\discord.js\src\client\websocket\handlers\MESSAGE_CREATE.js:4:32)
    at WebSocketManager.handlePacket (C:\dark-warriors-bot\node_modules\discord.js\src\client\websocket\WebSocketManager.js:351:31)
    at WebSocketManager.<anonymous> (C:\dark-warriors-bot\node_modules\discord.js\src\client\websocket\WebSocketManager.js:235:12)
    at WebSocketManager.emit (C:\dark-warriors-bot\node_modules\@vladfrangu\async_event_emitter\dist\index.cjs:287:31)
    at WebSocketShard.<anonymous> (C:\dark-warriors-bot\node_modules\@discordjs\ws\dist\index.js:1190:51)
[2025-09-14T20:37:42.633Z] TypeError: Cannot read properties of undefined (reading 'toLocaleString')
    at formatNumber (C:\dark-warriors-bot\commands\profile.js:22:16)
    at Object.execute (C:\dark-warriors-bot\commands\profile.js:53:48)
    at Client.<anonymous> (C:\dark-warriors-bot\index.js:363:19)
    at Client.emit (node:events:518:28)
    at MessageCreateAction.handle (C:\dark-warriors-bot\node_modules\discord.js\src\client\actions\MessageCreate.js:32:14)
    at module.exports [as MESSAGE_CREATE] (C:\dark-warriors-bot\node_modules\discord.js\src\client\websocket\handlers\MESSAGE_CREATE.js:4:32)
    at WebSocketManager.handlePacket (C:\dark-warriors-bot\node_modules\discord.js\src\client\websocket\WebSocketManager.js:351:31)
    at WebSocketManager.<anonymous> (C:\dark-warriors-bot\node_modules\discord.js\src\client\websocket\WebSocketManager.js:235:12)
    at WebSocketManager.emit (C:\dark-warriors-bot\node_modules\@vladfrangu\async_event_emitter\dist\index.cjs:287:31)
    at WebSocketShard.<anonymous> (C:\dark-warriors-bot\node_modules\@discordjs\ws\dist\index.js:1190:51)
[2025-09-14T20:37:52.726Z] TypeError: Cannot read properties of undefined (reading 'toLocaleString')
    at formatNumber (C:\dark-warriors-bot\commands\profile.js:22:16)
    at Object.execute (C:\dark-warriors-bot\commands\profile.js:53:48)
    at Client.<anonymous> (C:\dark-warriors-bot\index.js:363:19)
    at Client.emit (node:events:518:28)
    at MessageCreateAction.handle (C:\dark-warriors-bot\node_modules\discord.js\src\client\actions\MessageCreate.js:32:14)
    at module.exports [as MESSAGE_CREATE] (C:\dark-warriors-bot\node_modules\discord.js\src\client\websocket\handlers\MESSAGE_CREATE.js:4:32)
    at WebSocketManager.handlePacket (C:\dark-warriors-bot\node_modules\discord.js\src\client\websocket\WebSocketManager.js:351:31)
    at WebSocketManager.<anonymous> (C:\dark-warriors-bot\node_modules\discord.js\src\client\websocket\WebSocketManager.js:235:12)
    at WebSocketManager.emit (C:\dark-warriors-bot\node_modules\@vladfrangu\async_event_emitter\dist\index.cjs:287:31)
    at WebSocketShard.<anonymous> (C:\dark-warriors-bot\node_modules\@discordjs\ws\dist\index.js:1190:51)
[2025-09-15T03:40:56.023Z] TypeError: economy.saveEconomyUser is not a function
    at Object.execute (C:\dark-warriors-bot\commands\roulette.js:58:13)
    at Client.<anonymous> (C:\dark-warriors-bot\index.js:363:19)
    at Client.emit (node:events:518:28)
    at MessageCreateAction.handle (C:\dark-warriors-bot\node_modules\discord.js\src\client\actions\MessageCreate.js:32:14)
    at module.exports [as MESSAGE_CREATE] (C:\dark-warriors-bot\node_modules\discord.js\src\client\websocket\handlers\MESSAGE_CREATE.js:4:32)
    at WebSocketManager.handlePacket (C:\dark-warriors-bot\node_modules\discord.js\src\client\websocket\WebSocketManager.js:351:31)
    at WebSocketManager.<anonymous> (C:\dark-warriors-bot\node_modules\discord.js\src\client\websocket\WebSocketManager.js:235:12)
    at WebSocketManager.emit (C:\dark-warriors-bot\node_modules\@vladfrangu\async_event_emitter\dist\index.cjs:287:31)
    at WebSocketShard.<anonymous> (C:\dark-warriors-bot\node_modules\@discordjs\ws\dist\index.js:1190:51)
    at WebSocketShard.emit (C:\dark-warriors-bot\node_modules\@vladfrangu\async_event_emitter\dist\index.cjs:287:31)
[2025-09-16T00:00:09.119Z] ConnectTimeoutError: Connect Timeout Error (attempted address: discord.com:443, timeout: 10000ms)
    at onConnectTimeout (C:\dark-warriors-bot\node_modules\undici\lib\core\connect.js:237:24)
    at Immediate._onImmediate (C:\dark-warriors-bot\node_modules\undici\lib\core\connect.js:188:35)
    at process.processImmediate (node:internal/timers:485:21)
[2025-09-16T00:30:40.793Z] DiscordAPIError[50007]: Cannot send messages to this user
    at handleErrors (C:\dark-warriors-bot\node_modules\@discordjs\rest\dist\index.js:748:13)
    at process.processTicksAndRejections (node:internal/process/task_queues:105:5)
    at async SequentialHandler.runRequest (C:\dark-warriors-bot\node_modules\@discordjs\rest\dist\index.js:1149:23)
    at async SequentialHandler.queueRequest (C:\dark-warriors-bot\node_modules\@discordjs\rest\dist\index.js:980:14)
    at async _REST.request (C:\dark-warriors-bot\node_modules\@discordjs\rest\dist\index.js:1293:22)
    at async DMChannel.send (C:\dark-warriors-bot\node_modules\discord.js\src\structures\interfaces\TextBasedChannel.js:195:15)
    at async Client.<anonymous> (C:\dark-warriors-bot\index.js:340:9)
[2025-09-18T06:28:36.191Z] SyntaxError: Unexpected non-whitespace character after JSON at position 445 (line 20 column 1)
    at JSON.parse (<anonymous>)
    at readCooldowns (C:\dark-warriors-bot\commands\trickortreat.js:12:17)
    at Object.execute (C:\dark-warriors-bot\commands\trickortreat.js:28:27)
    at Client.<anonymous> (C:\dark-warriors-bot\index.js:363:19)
    at Client.emit (node:events:518:28)
    at MessageCreateAction.handle (C:\dark-warriors-bot\node_modules\discord.js\src\client\actions\MessageCreate.js:32:14)
    at module.exports [as MESSAGE_CREATE] (C:\dark-warriors-bot\node_modules\discord.js\src\client\websocket\handlers\MESSAGE_CREATE.js:4:32)
    at WebSocketManager.handlePacket (C:\dark-warriors-bot\node_modules\discord.js\src\client\websocket\WebSocketManager.js:351:31)
    at WebSocketManager.<anonymous> (C:\dark-warriors-bot\node_modules\discord.js\src\client\websocket\WebSocketManager.js:235:12)
    at WebSocketManager.emit (C:\dark-warriors-bot\node_modules\@vladfrangu\async_event_emitter\dist\index.cjs:287:31)
[2025-09-18T14:11:04.117Z] ConnectTimeoutError: Connect Timeout Error (attempted address: discord.com:443, timeout: 10000ms)
    at onConnectTimeout (C:\dark-warriors-bot\node_modules\undici\lib\core\connect.js:237:24)
    at Immediate._onImmediate (C:\dark-warriors-bot\node_modules\undici\lib\core\connect.js:188:35)
    at process.processImmediate (node:internal/timers:485:21)
[2025-09-18T19:49:49.783Z] ReferenceError: economy is not defined
    at C:\dark-warriors-bot\commands\shop.js:62:90
    at Array.forEach (<anonymous>)
    at Object.execute (C:\dark-warriors-bot\commands\shop.js:61:24)
    at Client.<anonymous> (C:\dark-warriors-bot\index.js:363:19)
    at Client.emit (node:events:518:28)
    at MessageCreateAction.handle (C:\dark-warriors-bot\node_modules\discord.js\src\client\actions\MessageCreate.js:32:14)
    at module.exports [as MESSAGE_CREATE] (C:\dark-warriors-bot\node_modules\discord.js\src\client\websocket\handlers\MESSAGE_CREATE.js:4:32)
    at WebSocketManager.handlePacket (C:\dark-warriors-bot\node_modules\discord.js\src\client\websocket\WebSocketManager.js:351:31)
    at WebSocketManager.<anonymous> (C:\dark-warriors-bot\node_modules\discord.js\src\client\websocket\WebSocketManager.js:235:12)
    at WebSocketManager.emit (C:\dark-warriors-bot\node_modules\@vladfrangu\async_event_emitter\dist\index.cjs:287:31)
[2025-09-18T22:16:43.943Z] TypeError: candy.readCandy is not a function
    at Object.execute (C:\dark-warriors-bot\commands\shop.js:83:40)
    at Client.<anonymous> (C:\dark-warriors-bot\index.js:363:19)
    at Client.emit (node:events:518:28)
    at MessageCreateAction.handle (C:\dark-warriors-bot\node_modules\discord.js\src\client\actions\MessageCreate.js:32:14)
    at module.exports [as MESSAGE_CREATE] (C:\dark-warriors-bot\node_modules\discord.js\src\client\websocket\handlers\MESSAGE_CREATE.js:4:32)
    at WebSocketManager.handlePacket (C:\dark-warriors-bot\node_modules\discord.js\src\client\websocket\WebSocketManager.js:351:31)
    at WebSocketManager.<anonymous> (C:\dark-warriors-bot\node_modules\discord.js\src\client\websocket\WebSocketManager.js:235:12)
    at WebSocketManager.emit (C:\dark-warriors-bot\node_modules\@vladfrangu\async_event_emitter\dist\index.cjs:287:31)
    at WebSocketShard.<anonymous> (C:\dark-warriors-bot\node_modules\@discordjs\ws\dist\index.js:1190:51)
    at WebSocketShard.emit (C:\dark-warriors-bot\node_modules\@vladfrangu\async_event_emitter\dist\index.cjs:287:31)
[2025-09-18T23:12:27.674Z] TypeError: candy.readCandy is not a function
    at Object.execute (C:\dark-warriors-bot\commands\shop.js:83:40)
    at Client.<anonymous> (C:\dark-warriors-bot\index.js:363:19)
    at Client.emit (node:events:518:28)
    at MessageCreateAction.handle (C:\dark-warriors-bot\node_modules\discord.js\src\client\actions\MessageCreate.js:32:14)
    at module.exports [as MESSAGE_CREATE] (C:\dark-warriors-bot\node_modules\discord.js\src\client\websocket\handlers\MESSAGE_CREATE.js:4:32)
    at WebSocketManager.handlePacket (C:\dark-warriors-bot\node_modules\discord.js\src\client\websocket\WebSocketManager.js:351:31)
    at WebSocketManager.<anonymous> (C:\dark-warriors-bot\node_modules\discord.js\src\client\websocket\WebSocketManager.js:235:12)
    at WebSocketManager.emit (C:\dark-warriors-bot\node_modules\@vladfrangu\async_event_emitter\dist\index.cjs:287:31)
    at WebSocketShard.<anonymous> (C:\dark-warriors-bot\node_modules\@discordjs\ws\dist\index.js:1190:51)
    at WebSocketShard.emit (C:\dark-warriors-bot\node_modules\@vladfrangu\async_event_emitter\dist\index.cjs:287:31)
[2025-09-19T16:46:16.868Z] TypeError: candy.saveCandy is not a function
    at Object.execute (C:\dark-warriors-bot\commands\shop.js:104:23)
    at Client.<anonymous> (C:\dark-warriors-bot\index.js:363:19)
    at Client.emit (node:events:518:28)
    at MessageCreateAction.handle (C:\dark-warriors-bot\node_modules\discord.js\src\client\actions\MessageCreate.js:32:14)
    at module.exports [as MESSAGE_CREATE] (C:\dark-warriors-bot\node_modules\discord.js\src\client\websocket\handlers\MESSAGE_CREATE.js:4:32)
    at WebSocketManager.handlePacket (C:\dark-warriors-bot\node_modules\discord.js\src\client\websocket\WebSocketManager.js:351:31)
    at WebSocketManager.<anonymous> (C:\dark-warriors-bot\node_modules\discord.js\src\client\websocket\WebSocketManager.js:235:12)
    at WebSocketManager.emit (C:\dark-warriors-bot\node_modules\@vladfrangu\async_event_emitter\dist\index.cjs:287:31)
    at WebSocketShard.<anonymous> (C:\dark-warriors-bot\node_modules\@discordjs\ws\dist\index.js:1190:51)
    at WebSocketShard.emit (C:\dark-warriors-bot\node_modules\@vladfrangu\async_event_emitter\dist\index.cjs:287:31)
[2025-09-20T00:58:39.846Z] TypeError: Cannot read properties of undefined (reading 'Phantom Fox 👻🦊')
    at Object.execute (C:\dark-warriors-bot\commands\graveyard.js:63:47)
    at Client.<anonymous> (C:\dark-warriors-bot\index.js:363:19)
    at Client.emit (node:events:518:28)
    at MessageCreateAction.handle (C:\dark-warriors-bot\node_modules\discord.js\src\client\actions\MessageCreate.js:32:14)
    at module.exports [as MESSAGE_CREATE] (C:\dark-warriors-bot\node_modules\discord.js\src\client\websocket\handlers\MESSAGE_CREATE.js:4:32)
    at WebSocketManager.handlePacket (C:\dark-warriors-bot\node_modules\discord.js\src\client\websocket\WebSocketManager.js:351:31)
    at WebSocketManager.<anonymous> (C:\dark-warriors-bot\node_modules\discord.js\src\client\websocket\WebSocketManager.js:235:12)
    at WebSocketManager.emit (C:\dark-warriors-bot\node_modules\@vladfrangu\async_event_emitter\dist\index.cjs:287:31)
    at WebSocketShard.<anonymous> (C:\dark-warriors-bot\node_modules\@discordjs\ws\dist\index.js:1190:51)
    at WebSocketShard.emit (C:\dark-warriors-bot\node_modules\@vladfrangu\async_event_emitter\dist\index.cjs:287:31)
[2025-09-20T18:01:41.209Z] DiscordAPIError[50007]: Cannot send messages to this user
    at handleErrors (C:\dark-warriors-bot\node_modules\@discordjs\rest\dist\index.js:748:13)
    at process.processTicksAndRejections (node:internal/process/task_queues:105:5)
    at async SequentialHandler.runRequest (C:\dark-warriors-bot\node_modules\@discordjs\rest\dist\index.js:1149:23)
    at async SequentialHandler.queueRequest (C:\dark-warriors-bot\node_modules\@discordjs\rest\dist\index.js:980:14)
    at async _REST.request (C:\dark-warriors-bot\node_modules\@discordjs\rest\dist\index.js:1293:22)
    at async DMChannel.send (C:\dark-warriors-bot\node_modules\discord.js\src\structures\interfaces\TextBasedChannel.js:195:15)
    at async Timeout._onTimeout (C:\dark-warriors-bot\index.js:281:15)
[2025-09-20T18:02:02.981Z] DiscordAPIError[50007]: Cannot send messages to this user
    at handleErrors (C:\dark-warriors-bot\node_modules\@discordjs\rest\dist\index.js:748:13)
    at process.processTicksAndRejections (node:internal/process/task_queues:105:5)
    at async SequentialHandler.runRequest (C:\dark-warriors-bot\node_modules\@discordjs\rest\dist\index.js:1149:23)
    at async SequentialHandler.queueRequest (C:\dark-warriors-bot\node_modules\@discordjs\rest\dist\index.js:980:14)
    at async _REST.request (C:\dark-warriors-bot\node_modules\@discordjs\rest\dist\index.js:1293:22)
    at async DMChannel.send (C:\dark-warriors-bot\node_modules\discord.js\src\structures\interfaces\TextBasedChannel.js:195:15)
    at async Timeout._onTimeout (C:\dark-warriors-bot\index.js:281:15)
[2025-09-20T23:41:00.676Z] SyntaxError: Unexpected end of JSON input
    at JSON.parse (<anonymous>)
    at readCandy (C:\dark-warriors-bot\candyData.js:10:17)
    at Object.ensureCandyUser (C:\dark-warriors-bot\candyData.js:20:23)
    at Object.execute (C:\dark-warriors-bot\commands\candybag.js:11:15)
    at Client.<anonymous> (C:\dark-warriors-bot\index.js:363:19)
    at Client.emit (node:events:518:28)
    at MessageCreateAction.handle (C:\dark-warriors-bot\node_modules\discord.js\src\client\actions\MessageCreate.js:32:14)
    at module.exports [as MESSAGE_CREATE] (C:\dark-warriors-bot\node_modules\discord.js\src\client\websocket\handlers\MESSAGE_CREATE.js:4:32)
    at WebSocketManager.handlePacket (C:\dark-warriors-bot\node_modules\discord.js\src\client\websocket\WebSocketManager.js:351:31)
    at WebSocketManager.<anonymous> (C:\dark-warriors-bot\node_modules\discord.js\src\client\websocket\WebSocketManager.js:235:12)
[2025-09-21T12:14:21.943Z] DiscordAPIError[50007]: Cannot send messages to this user
    at handleErrors (C:\dark-warriors-bot\node_modules\@discordjs\rest\dist\index.js:748:13)
    at process.processTicksAndRejections (node:internal/process/task_queues:105:5)
    at async SequentialHandler.runRequest (C:\dark-warriors-bot\node_modules\@discordjs\rest\dist\index.js:1149:23)
    at async SequentialHandler.queueRequest (C:\dark-warriors-bot\node_modules\@discordjs\rest\dist\index.js:980:14)
    at async _REST.request (C:\dark-warriors-bot\node_modules\@discordjs\rest\dist\index.js:1293:22)
    at async DMChannel.send (C:\dark-warriors-bot\node_modules\discord.js\src\structures\interfaces\TextBasedChannel.js:195:15)
    at async Timeout._onTimeout (C:\dark-warriors-bot\index.js:260:17)
[2025-09-21T13:16:17.518Z] DiscordAPIError[50007]: Cannot send messages to this user
    at handleErrors (C:\dark-warriors-bot\node_modules\@discordjs\rest\dist\index.js:748:13)
    at process.processTicksAndRejections (node:internal/process/task_queues:105:5)
    at async SequentialHandler.runRequest (C:\dark-warriors-bot\node_modules\@discordjs\rest\dist\index.js:1149:23)
    at async SequentialHandler.queueRequest (C:\dark-warriors-bot\node_modules\@discordjs\rest\dist\index.js:980:14)
    at async _REST.request (C:\dark-warriors-bot\node_modules\@discordjs\rest\dist\index.js:1293:22)
    at async DMChannel.send (C:\dark-warriors-bot\node_modules\discord.js\src\structures\interfaces\TextBasedChannel.js:195:15)
    at async Timeout._onTimeout (C:\dark-warriors-bot\index.js:281:15)
[2025-09-21T13:16:23.196Z] DiscordAPIError[50007]: Cannot send messages to this user
    at handleErrors (C:\dark-warriors-bot\node_modules\@discordjs\rest\dist\index.js:748:13)
    at process.processTicksAndRejections (node:internal/process/task_queues:105:5)
    at async SequentialHandler.runRequest (C:\dark-warriors-bot\node_modules\@discordjs\rest\dist\index.js:1149:23)
    at async SequentialHandler.queueRequest (C:\dark-warriors-bot\node_modules\@discordjs\rest\dist\index.js:980:14)
    at async _REST.request (C:\dark-warriors-bot\node_modules\@discordjs\rest\dist\index.js:1293:22)
    at async DMChannel.send (C:\dark-warriors-bot\node_modules\discord.js\src\structures\interfaces\TextBasedChannel.js:195:15)
    at async Timeout._onTimeout (C:\dark-warriors-bot\index.js:281:15)
[2025-09-22T22:58:53.259Z] DiscordAPIError[50007]: Cannot send messages to this user
    at handleErrors (C:\dark-warriors-bot\node_modules\@discordjs\rest\dist\index.js:748:13)
    at process.processTicksAndRejections (node:internal/process/task_queues:105:5)
    at async SequentialHandler.runRequest (C:\dark-warriors-bot\node_modules\@discordjs\rest\dist\index.js:1149:23)
    at async SequentialHandler.queueRequest (C:\dark-warriors-bot\node_modules\@discordjs\rest\dist\index.js:980:14)
    at async _REST.request (C:\dark-warriors-bot\node_modules\@discordjs\rest\dist\index.js:1293:22)
    at async DMChannel.send (C:\dark-warriors-bot\node_modules\discord.js\src\structures\interfaces\TextBasedChannel.js:195:15)
    at async Timeout._onTimeout (C:\dark-warriors-bot\index.js:260:17)
[2025-09-23T00:00:47.179Z] DiscordAPIError[50007]: Cannot send messages to this user
    at handleErrors (C:\dark-warriors-bot\node_modules\@discordjs\rest\dist\index.js:748:13)
    at process.processTicksAndRejections (node:internal/process/task_queues:105:5)
    at async SequentialHandler.runRequest (C:\dark-warriors-bot\node_modules\@discordjs\rest\dist\index.js:1149:23)
    at async SequentialHandler.queueRequest (C:\dark-warriors-bot\node_modules\@discordjs\rest\dist\index.js:980:14)
    at async _REST.request (C:\dark-warriors-bot\node_modules\@discordjs\rest\dist\index.js:1293:22)
    at async DMChannel.send (C:\dark-warriors-bot\node_modules\discord.js\src\structures\interfaces\TextBasedChannel.js:195:15)
    at async Timeout._onTimeout (C:\dark-warriors-bot\index.js:281:15)
[2025-09-26T01:42:21.935Z] SyntaxError: Unexpected end of JSON input
    at JSON.parse (<anonymous>)
    at loadEconomy (C:\dark-warriors-bot\economyData.js:13:15)
    at Object.ensureEconomyUser (C:\dark-warriors-bot\economyData.js:23:19)
    at Object.execute (C:\dark-warriors-bot\commands\work.js:37:13)
    at Client.<anonymous> (C:\dark-warriors-bot\index.js:363:19)
    at Client.emit (node:events:518:28)
    at MessageCreateAction.handle (C:\dark-warriors-bot\node_modules\discord.js\src\client\actions\MessageCreate.js:32:14)
    at module.exports [as MESSAGE_CREATE] (C:\dark-warriors-bot\node_modules\discord.js\src\client\websocket\handlers\MESSAGE_CREATE.js:4:32)
    at WebSocketManager.handlePacket (C:\dark-warriors-bot\node_modules\discord.js\src\client\websocket\WebSocketManager.js:351:31)
    at WebSocketManager.<anonymous> (C:\dark-warriors-bot\node_modules\discord.js\src\client\websocket\WebSocketManager.js:235:12)
[2025-09-26T03:12:27.400Z] Error: ENOSPC: no space left on device, write
    at Object.writeFileSync (node:fs:2426:20)
    at saveEconomy (C:\dark-warriors-bot\economyData.js:18:6)
    at modifyBalance (C:\dark-warriors-bot\economyData.js:65:3)
    at Object.execute (C:\dark-warriors-bot\commands\roulette.js:21:5)
    at Client.<anonymous> (C:\dark-warriors-bot\index.js:363:19)
    at Client.emit (node:events:518:28)
    at MessageCreateAction.handle (C:\dark-warriors-bot\node_modules\discord.js\src\client\actions\MessageCreate.js:32:14)
    at module.exports [as MESSAGE_CREATE] (C:\dark-warriors-bot\node_modules\discord.js\src\client\websocket\handlers\MESSAGE_CREATE.js:4:32)
    at WebSocketManager.handlePacket (C:\dark-warriors-bot\node_modules\discord.js\src\client\websocket\WebSocketManager.js:352:31)
    at WebSocketManager.<anonymous> (C:\dark-warriors-bot\node_modules\discord.js\src\client\websocket\WebSocketManager.js:236:12)
[2025-09-26T03:12:35.211Z] SyntaxError: Unexpected end of JSON input
    at JSON.parse (<anonymous>)
    at loadEconomy (C:\dark-warriors-bot\economyData.js:13:15)
    at Object.ensureEconomyUser (C:\dark-warriors-bot\economyData.js:23:19)
    at Object.execute (C:\dark-warriors-bot\commands\balance.js:9:30)
    at Client.<anonymous> (C:\dark-warriors-bot\index.js:363:19)
    at Client.emit (node:events:518:28)
    at MessageCreateAction.handle (C:\dark-warriors-bot\node_modules\discord.js\src\client\actions\MessageCreate.js:32:14)
    at module.exports [as MESSAGE_CREATE] (C:\dark-warriors-bot\node_modules\discord.js\src\client\websocket\handlers\MESSAGE_CREATE.js:4:32)
    at WebSocketManager.handlePacket (C:\dark-warriors-bot\node_modules\discord.js\src\client\websocket\WebSocketManager.js:352:31)
    at WebSocketManager.<anonymous> (C:\dark-warriors-bot\node_modules\discord.js\src\client\websocket\WebSocketManager.js:236:12)
[2025-09-26T03:13:27.098Z] SyntaxError: Unexpected end of JSON input
    at JSON.parse (<anonymous>)
    at loadEconomy (C:\dark-warriors-bot\economyData.js:13:15)
    at Object.ensureEconomyUser (C:\dark-warriors-bot\economyData.js:23:19)
    at Object.execute (C:\dark-warriors-bot\commands\balance.js:9:30)
    at Client.<anonymous> (C:\dark-warriors-bot\index.js:363:19)
    at Client.emit (node:events:518:28)
    at MessageCreateAction.handle (C:\dark-warriors-bot\node_modules\discord.js\src\client\actions\MessageCreate.js:32:14)
    at module.exports [as MESSAGE_CREATE] (C:\dark-warriors-bot\node_modules\discord.js\src\client\websocket\handlers\MESSAGE_CREATE.js:4:32)
    at WebSocketManager.handlePacket (C:\dark-warriors-bot\node_modules\discord.js\src\client\websocket\WebSocketManager.js:352:31)
    at WebSocketManager.<anonymous> (C:\dark-warriors-bot\node_modules\discord.js\src\client\websocket\WebSocketManager.js:236:12)
[2025-09-26T03:17:55.667Z] SyntaxError: Unexpected end of JSON input
    at JSON.parse (<anonymous>)
    at loadEconomy (C:\dark-warriors-bot\economyData.js:13:15)
    at Object.ensureEconomyUser (C:\dark-warriors-bot\economyData.js:23:19)
    at Object.execute (C:\dark-warriors-bot\commands\balance.js:9:30)
    at Client.<anonymous> (C:\dark-warriors-bot\index.js:363:19)
    at Client.emit (node:events:518:28)
    at MessageCreateAction.handle (C:\dark-warriors-bot\node_modules\discord.js\src\client\actions\MessageCreate.js:32:14)
    at module.exports [as MESSAGE_CREATE] (C:\dark-warriors-bot\node_modules\discord.js\src\client\websocket\handlers\MESSAGE_CREATE.js:4:32)
    at WebSocketManager.handlePacket (C:\dark-warriors-bot\node_modules\discord.js\src\client\websocket\WebSocketManager.js:352:31)
    at WebSocketManager.<anonymous> (C:\dark-warriors-bot\node_modules\discord.js\src\client\websocket\WebSocketManager.js:236:12)
[2025-09-26T20:10:24.093Z] SyntaxError: Unexpected token 'P', ..." "pets": [Phantom Fo"... is not valid JSON
    at JSON.parse (<anonymous>)
    at readCandy (D:\dark-warriors-bot\candyData.js:10:17)
    at Object.ensureCandyUser (D:\dark-warriors-bot\candyData.js:20:23)
    at Object.execute (D:\dark-warriors-bot\commands\ghostchase.js:23:15)
    at Client.<anonymous> (D:\dark-warriors-bot\index.js:363:19)
    at Client.emit (node:events:518:28)
    at MessageCreateAction.handle (D:\dark-warriors-bot\node_modules\discord.js\src\client\actions\MessageCreate.js:32:14)
    at module.exports [as MESSAGE_CREATE] (D:\dark-warriors-bot\node_modules\discord.js\src\client\websocket\handlers\MESSAGE_CREATE.js:4:32)
    at WebSocketManager.handlePacket (D:\dark-warriors-bot\node_modules\discord.js\src\client\websocket\WebSocketManager.js:352:31)
    at WebSocketManager.<anonymous> (D:\dark-warriors-bot\node_modules\discord.js\src\client\websocket\WebSocketManager.js:236:12)
[2025-09-28T10:59:14.416Z] TypeError: Cannot read properties of undefined (reading 'toLocaleString')
    at Object.formatCoins (D:\dark-warriors-bot\economyData.js:102:17)
    at Object.execute (D:\dark-warriors-bot\commands\attack.js:97:63)
    at Client.<anonymous> (D:\dark-warriors-bot\index.js:363:19)
    at Client.emit (node:events:518:28)
    at MessageCreateAction.handle (D:\dark-warriors-bot\node_modules\discord.js\src\client\actions\MessageCreate.js:32:14)
    at module.exports [as MESSAGE_CREATE] (D:\dark-warriors-bot\node_modules\discord.js\src\client\websocket\handlers\MESSAGE_CREATE.js:4:32)
    at WebSocketManager.handlePacket (D:\dark-warriors-bot\node_modules\discord.js\src\client\websocket\WebSocketManager.js:352:31)
    at WebSocketManager.<anonymous> (D:\dark-warriors-bot\node_modules\discord.js\src\client\websocket\WebSocketManager.js:236:12)
    at WebSocketManager.emit (D:\dark-warriors-bot\node_modules\@vladfrangu\async_event_emitter\dist\index.cjs:287:31)
    at WebSocketShard.<anonymous> (D:\dark-warriors-bot\node_modules\@discordjs\ws\dist\index.js:1190:51)
[2025-09-28T14:44:22.424Z] TypeError: Cannot read properties of undefined (reading 'toLocaleString')
    at Object.formatCoins (D:\dark-warriors-bot\economyData.js:102:17)
    at Object.execute (D:\dark-warriors-bot\commands\attack.js:97:63)
    at Client.<anonymous> (D:\dark-warriors-bot\index.js:363:19)
    at Client.emit (node:events:518:28)
    at MessageCreateAction.handle (D:\dark-warriors-bot\node_modules\discord.js\src\client\actions\MessageCreate.js:32:14)
    at module.exports [as MESSAGE_CREATE] (D:\dark-warriors-bot\node_modules\discord.js\src\client\websocket\handlers\MESSAGE_CREATE.js:4:32)
    at WebSocketManager.handlePacket (D:\dark-warriors-bot\node_modules\discord.js\src\client\websocket\WebSocketManager.js:352:31)
    at WebSocketManager.<anonymous> (D:\dark-warriors-bot\node_modules\discord.js\src\client\websocket\WebSocketManager.js:236:12)
    at WebSocketManager.emit (D:\dark-warriors-bot\node_modules\@vladfrangu\async_event_emitter\dist\index.cjs:287:31)
    at WebSocketShard.<anonymous> (D:\dark-warriors-bot\node_modules\@discordjs\ws\dist\index.js:1190:51)
[2025-09-29T19:53:59.705Z] AbortError: This operation was aborted
    at new DOMException (node:internal/per_context/domexception:53:5)
    at AbortController.abort (node:internal/abort_controller:504:18)
    at Timeout.<anonymous> (D:\dark-warriors-bot\node_modules\@discordjs\rest\dist\index.js:715:47)
    at listOnTimeout (node:internal/timers:588:17)
    at process.processTimers (node:internal/timers:523:7)
[2025-09-29T20:08:48.942Z] HTTPError: Internal Server Error
    at handleErrors (D:\dark-warriors-bot\node_modules\@discordjs\rest\dist\index.js:755:11)
    at SequentialHandler.runRequest (D:\dark-warriors-bot\node_modules\@discordjs\rest\dist\index.js:1163:29)
    at process.processTicksAndRejections (node:internal/process/task_queues:105:5)
    at async SequentialHandler.queueRequest (D:\dark-warriors-bot\node_modules\@discordjs\rest\dist\index.js:994:14)
    at async _REST.request (D:\dark-warriors-bot\node_modules\@discordjs\rest\dist\index.js:1307:22)
    at async GuildScheduledEventManager.fetchSubscribers (D:\dark-warriors-bot\node_modules\discord.js\src\managers\GuildScheduledEventManager.js:299:18)
    at async Timeout._onTimeout (D:\dark-warriors-bot\index.js:243:29)
[2025-09-29T20:10:44.802Z] HTTPError: Internal Server Error
    at handleErrors (D:\dark-warriors-bot\node_modules\@discordjs\rest\dist\index.js:755:11)
    at SequentialHandler.runRequest (D:\dark-warriors-bot\node_modules\@discordjs\rest\dist\index.js:1163:29)
    at process.processTicksAndRejections (node:internal/process/task_queues:105:5)
    at async SequentialHandler.queueRequest (D:\dark-warriors-bot\node_modules\@discordjs\rest\dist\index.js:994:14)
    at async _REST.request (D:\dark-warriors-bot\node_modules\@discordjs\rest\dist\index.js:1307:22)
    at async GuildScheduledEventManager.fetchSubscribers (D:\dark-warriors-bot\node_modules\discord.js\src\managers\GuildScheduledEventManager.js:299:18)
    at async Timeout._onTimeout (D:\dark-warriors-bot\index.js:243:29)
[2025-09-29T20:14:42.102Z] HTTPError: Internal Server Error
    at handleErrors (D:\dark-warriors-bot\node_modules\@discordjs\rest\dist\index.js:755:11)
    at SequentialHandler.runRequest (D:\dark-warriors-bot\node_modules\@discordjs\rest\dist\index.js:1163:29)
    at process.processTicksAndRejections (node:internal/process/task_queues:105:5)
    at async SequentialHandler.queueRequest (D:\dark-warriors-bot\node_modules\@discordjs\rest\dist\index.js:994:14)
    at async _REST.request (D:\dark-warriors-bot\node_modules\@discordjs\rest\dist\index.js:1307:22)
    at async GuildScheduledEventManager.fetchSubscribers (D:\dark-warriors-bot\node_modules\discord.js\src\managers\GuildScheduledEventManager.js:299:18)
    at async Timeout._onTimeout (D:\dark-warriors-bot\index.js:243:29)
[2025-09-29T20:17:13.655Z] HTTPError: Gateway Timeout
    at handleErrors (D:\dark-warriors-bot\node_modules\@discordjs\rest\dist\index.js:755:11)
    at SequentialHandler.runRequest (D:\dark-warriors-bot\node_modules\@discordjs\rest\dist\index.js:1163:29)
    at process.processTicksAndRejections (node:internal/process/task_queues:105:5)
    at async SequentialHandler.queueRequest (D:\dark-warriors-bot\node_modules\@discordjs\rest\dist\index.js:994:14)
    at async _REST.request (D:\dark-warriors-bot\node_modules\@discordjs\rest\dist\index.js:1307:22)
    at async GuildScheduledEventManager.fetchSubscribers (D:\dark-warriors-bot\node_modules\discord.js\src\managers\GuildScheduledEventManager.js:299:18)
    at async Timeout._onTimeout (D:\dark-warriors-bot\index.js:243:29)
[2025-09-30T17:36:06.334Z] ConnectTimeoutError: Connect Timeout Error (attempted address: discord.com:443, timeout: 10000ms)
    at onConnectTimeout (D:\dark-warriors-bot\node_modules\undici\lib\core\connect.js:237:24)
    at Immediate._onImmediate (D:\dark-warriors-bot\node_modules\undici\lib\core\connect.js:188:35)
    at process.processImmediate (node:internal/timers:485:21)
[2025-10-03T20:28:51.200Z] DiscordAPIError[50007]: Cannot send messages to this user
    at handleErrors (D:\dark-warriors-bot\node_modules\@discordjs\rest\dist\index.js:762:13)
    at process.processTicksAndRejections (node:internal/process/task_queues:105:5)
    at async SequentialHandler.runRequest (D:\dark-warriors-bot\node_modules\@discordjs\rest\dist\index.js:1163:23)
    at async SequentialHandler.queueRequest (D:\dark-warriors-bot\node_modules\@discordjs\rest\dist\index.js:994:14)
    at async _REST.request (D:\dark-warriors-bot\node_modules\@discordjs\rest\dist\index.js:1307:22)
    at async DMChannel.send (D:\dark-warriors-bot\node_modules\discord.js\src\structures\interfaces\TextBasedChannel.js:195:15)
    at async Timeout._onTimeout (D:\dark-warriors-bot\index.js:260:17)
[2025-10-03T21:30:49.664Z] DiscordAPIError[50007]: Cannot send messages to this user
    at handleErrors (D:\dark-warriors-bot\node_modules\@discordjs\rest\dist\index.js:762:13)
    at process.processTicksAndRejections (node:internal/process/task_queues:105:5)
    at async SequentialHandler.runRequest (D:\dark-warriors-bot\node_modules\@discordjs\rest\dist\index.js:1163:23)
    at async SequentialHandler.queueRequest (D:\dark-warriors-bot\node_modules\@discordjs\rest\dist\index.js:994:14)
    at async _REST.request (D:\dark-warriors-bot\node_modules\@discordjs\rest\dist\index.js:1307:22)
    at async DMChannel.send (D:\dark-warriors-bot\node_modules\discord.js\src\structures\interfaces\TextBasedChannel.js:195:15)
    at async Timeout._onTimeout (D:\dark-warriors-bot\index.js:281:15)
[2025-10-04T02:43:58.193Z] TypeError: Cannot read properties of undefined (reading 'toLocaleString')
    at Object.formatCoins (D:\dark-warriors-bot\economyData.js:102:17)
    at Object.execute (D:\dark-warriors-bot\commands\attack.js:97:63)
    at Client.<anonymous> (D:\dark-warriors-bot\index.js:363:19)
    at Client.emit (node:events:518:28)
    at MessageCreateAction.handle (D:\dark-warriors-bot\node_modules\discord.js\src\client\actions\MessageCreate.js:32:14)
    at module.exports [as MESSAGE_CREATE] (D:\dark-warriors-bot\node_modules\discord.js\src\client\websocket\handlers\MESSAGE_CREATE.js:4:32)
    at WebSocketManager.handlePacket (D:\dark-warriors-bot\node_modules\discord.js\src\client\websocket\WebSocketManager.js:352:31)
    at WebSocketManager.<anonymous> (D:\dark-warriors-bot\node_modules\discord.js\src\client\websocket\WebSocketManager.js:236:12)
    at WebSocketManager.emit (D:\dark-warriors-bot\node_modules\@vladfrangu\async_event_emitter\dist\index.cjs:287:31)
    at WebSocketShard.<anonymous> (D:\dark-warriors-bot\node_modules\@discordjs\ws\dist\index.js:1190:51)
[2025-10-04T02:44:20.073Z] TypeError: Cannot read properties of undefined (reading 'toLocaleString')
    at Object.formatCoins (D:\dark-warriors-bot\economyData.js:102:17)
    at Object.execute (D:\dark-warriors-bot\commands\attack.js:97:63)
    at Client.<anonymous> (D:\dark-warriors-bot\index.js:363:19)
    at Client.emit (node:events:518:28)
    at MessageCreateAction.handle (D:\dark-warriors-bot\node_modules\discord.js\src\client\actions\MessageCreate.js:32:14)
    at module.exports [as MESSAGE_CREATE] (D:\dark-warriors-bot\node_modules\discord.js\src\client\websocket\handlers\MESSAGE_CREATE.js:4:32)
    at WebSocketManager.handlePacket (D:\dark-warriors-bot\node_modules\discord.js\src\client\websocket\WebSocketManager.js:352:31)
    at WebSocketManager.<anonymous> (D:\dark-warriors-bot\node_modules\discord.js\src\client\websocket\WebSocketManager.js:236:12)
    at WebSocketManager.emit (D:\dark-warriors-bot\node_modules\@vladfrangu\async_event_emitter\dist\index.cjs:287:31)
    at WebSocketShard.<anonymous> (D:\dark-warriors-bot\node_modules\@discordjs\ws\dist\index.js:1190:51)
[2025-10-04T18:33:25.520Z] DiscordAPIError[50007]: Cannot send messages to this user
    at handleErrors (D:\dark-warriors-bot\node_modules\@discordjs\rest\dist\index.js:762:13)
    at process.processTicksAndRejections (node:internal/process/task_queues:105:5)
    at async SequentialHandler.runRequest (D:\dark-warriors-bot\node_modules\@discordjs\rest\dist\index.js:1163:23)
    at async SequentialHandler.queueRequest (D:\dark-warriors-bot\node_modules\@discordjs\rest\dist\index.js:994:14)
    at async _REST.request (D:\dark-warriors-bot\node_modules\@discordjs\rest\dist\index.js:1307:22)
    at async DMChannel.send (D:\dark-warriors-bot\node_modules\discord.js\src\structures\interfaces\TextBasedChannel.js:195:15)
    at async Client.<anonymous> (D:\dark-warriors-bot\index.js:340:9)
[2025-10-04T20:09:40.272Z] AbortError: This operation was aborted
    at new DOMException (node:internal/per_context/domexception:53:5)
    at AbortController.abort (node:internal/abort_controller:504:18)
    at Timeout.<anonymous> (D:\dark-warriors-bot\node_modules\@discordjs\rest\dist\index.js:715:47)
    at listOnTimeout (node:internal/timers:588:17)
    at process.processTimers (node:internal/timers:523:7)
[2025-10-09T20:22:54.574Z] TypeError: Cannot read properties of undefined (reading 'toLocaleString')
    at Object.formatCoins (D:\dark-warriors-bot\economyData.js:102:17)
    at Object.execute (D:\dark-warriors-bot\commands\attack.js:97:63)
    at Client.<anonymous> (D:\dark-warriors-bot\index.js:363:19)
    at Client.emit (node:events:518:28)
    at MessageCreateAction.handle (D:\dark-warriors-bot\node_modules\discord.js\src\client\actions\MessageCreate.js:32:14)
    at module.exports [as MESSAGE_CREATE] (D:\dark-warriors-bot\node_modules\discord.js\src\client\websocket\handlers\MESSAGE_CREATE.js:4:32)
    at WebSocketManager.handlePacket (D:\dark-warriors-bot\node_modules\discord.js\src\client\websocket\WebSocketManager.js:352:31)
    at WebSocketManager.<anonymous> (D:\dark-warriors-bot\node_modules\discord.js\src\client\websocket\WebSocketManager.js:236:12)
    at WebSocketManager.emit (D:\dark-warriors-bot\node_modules\@vladfrangu\async_event_emitter\dist\index.cjs:287:31)
    at WebSocketShard.<anonymous> (D:\dark-warriors-bot\node_modules\@discordjs\ws\dist\index.js:1190:51)
[2025-10-09T20:23:53.190Z] TypeError: Cannot read properties of undefined (reading 'toLocaleString')
    at Object.formatCoins (D:\dark-warriors-bot\economyData.js:102:17)
    at Object.execute (D:\dark-warriors-bot\commands\attack.js:96:69)
    at Client.<anonymous> (D:\dark-warriors-bot\index.js:363:19)
    at Client.emit (node:events:518:28)
    at MessageCreateAction.handle (D:\dark-warriors-bot\node_modules\discord.js\src\client\actions\MessageCreate.js:32:14)
    at module.exports [as MESSAGE_CREATE] (D:\dark-warriors-bot\node_modules\discord.js\src\client\websocket\handlers\MESSAGE_CREATE.js:4:32)
    at WebSocketManager.handlePacket (D:\dark-warriors-bot\node_modules\discord.js\src\client\websocket\WebSocketManager.js:352:31)
    at WebSocketManager.<anonymous> (D:\dark-warriors-bot\node_modules\discord.js\src\client\websocket\WebSocketManager.js:236:12)
    at WebSocketManager.emit (D:\dark-warriors-bot\node_modules\@vladfrangu\async_event_emitter\dist\index.cjs:287:31)
    at WebSocketShard.<anonymous> (D:\dark-warriors-bot\node_modules\@discordjs\ws\dist\index.js:1190:51)
[2025-10-09T20:30:56.188Z] TypeError: Cannot read properties of undefined (reading 'toLocaleString')
    at Object.formatCoins (D:\dark-warriors-bot\economyData.js:102:17)
    at Object.execute (D:\dark-warriors-bot\commands\attack.js:96:69)
    at Client.<anonymous> (D:\dark-warriors-bot\index.js:363:19)
    at Client.emit (node:events:518:28)
    at MessageCreateAction.handle (D:\dark-warriors-bot\node_modules\discord.js\src\client\actions\MessageCreate.js:32:14)
    at module.exports [as MESSAGE_CREATE] (D:\dark-warriors-bot\node_modules\discord.js\src\client\websocket\handlers\MESSAGE_CREATE.js:4:32)
    at WebSocketManager.handlePacket (D:\dark-warriors-bot\node_modules\discord.js\src\client\websocket\WebSocketManager.js:352:31)
    at WebSocketManager.<anonymous> (D:\dark-warriors-bot\node_modules\discord.js\src\client\websocket\WebSocketManager.js:236:12)
    at WebSocketManager.emit (D:\dark-warriors-bot\node_modules\@vladfrangu\async_event_emitter\dist\index.cjs:287:31)
    at WebSocketShard.<anonymous> (D:\dark-warriors-bot\node_modules\@discordjs\ws\dist\index.js:1190:51)
[2025-10-09T20:33:08.791Z] TypeError: Cannot read properties of undefined (reading 'toLocaleString')
    at Object.formatCoins (D:\dark-warriors-bot\economyData.js:102:17)
    at Object.execute (D:\dark-warriors-bot\commands\attack.js:96:69)
    at Client.<anonymous> (D:\dark-warriors-bot\index.js:363:19)
    at Client.emit (node:events:518:28)
    at MessageCreateAction.handle (D:\dark-warriors-bot\node_modules\discord.js\src\client\actions\MessageCreate.js:32:14)
    at module.exports [as MESSAGE_CREATE] (D:\dark-warriors-bot\node_modules\discord.js\src\client\websocket\handlers\MESSAGE_CREATE.js:4:32)
    at WebSocketManager.handlePacket (D:\dark-warriors-bot\node_modules\discord.js\src\client\websocket\WebSocketManager.js:352:31)
    at WebSocketManager.<anonymous> (D:\dark-warriors-bot\node_modules\discord.js\src\client\websocket\WebSocketManager.js:236:12)
    at WebSocketManager.emit (D:\dark-warriors-bot\node_modules\@vladfrangu\async_event_emitter\dist\index.cjs:287:31)
    at WebSocketShard.<anonymous> (D:\dark-warriors-bot\node_modules\@discordjs\ws\dist\index.js:1190:51)
[2025-10-09T20:41:23.170Z] TypeError: Cannot read properties of undefined (reading 'toLocaleString')
    at Object.formatCoins (D:\dark-warriors-bot\economyData.js:102:17)
    at Object.execute (D:\dark-warriors-bot\commands\attack.js:97:63)
    at Client.<anonymous> (D:\dark-warriors-bot\index.js:363:19)
    at Client.emit (node:events:518:28)
    at MessageCreateAction.handle (D:\dark-warriors-bot\node_modules\discord.js\src\client\actions\MessageCreate.js:32:14)
    at module.exports [as MESSAGE_CREATE] (D:\dark-warriors-bot\node_modules\discord.js\src\client\websocket\handlers\MESSAGE_CREATE.js:4:32)
    at WebSocketManager.handlePacket (D:\dark-warriors-bot\node_modules\discord.js\src\client\websocket\WebSocketManager.js:352:31)
    at WebSocketManager.<anonymous> (D:\dark-warriors-bot\node_modules\discord.js\src\client\websocket\WebSocketManager.js:236:12)
    at WebSocketManager.emit (D:\dark-warriors-bot\node_modules\@vladfrangu\async_event_emitter\dist\index.cjs:287:31)
    at WebSocketShard.<anonymous> (D:\dark-warriors-bot\node_modules\@discordjs\ws\dist\index.js:1190:51)
[2025-10-09T20:49:50.971Z] TypeError: Cannot read properties of undefined (reading 'toLocaleString')
    at Object.formatCoins (D:\dark-warriors-bot\economyData.js:102:17)
    at Object.execute (D:\dark-warriors-bot\commands\attack.js:96:69)
    at Client.<anonymous> (D:\dark-warriors-bot\index.js:363:19)
    at Client.emit (node:events:518:28)
    at MessageCreateAction.handle (D:\dark-warriors-bot\node_modules\discord.js\src\client\actions\MessageCreate.js:32:14)
    at module.exports [as MESSAGE_CREATE] (D:\dark-warriors-bot\node_modules\discord.js\src\client\websocket\handlers\MESSAGE_CREATE.js:4:32)
    at WebSocketManager.handlePacket (D:\dark-warriors-bot\node_modules\discord.js\src\client\websocket\WebSocketManager.js:352:31)
    at WebSocketManager.<anonymous> (D:\dark-warriors-bot\node_modules\discord.js\src\client\websocket\WebSocketManager.js:236:12)
    at WebSocketManager.emit (D:\dark-warriors-bot\node_modules\@vladfrangu\async_event_emitter\dist\index.cjs:287:31)
    at WebSocketShard.<anonymous> (D:\dark-warriors-bot\node_modules\@discordjs\ws\dist\index.js:1190:51)
[2025-10-09T20:50:50.578Z] TypeError: Cannot read properties of undefined (reading 'toLocaleString')
    at Object.formatCoins (D:\dark-warriors-bot\economyData.js:102:17)
    at Object.execute (D:\dark-warriors-bot\commands\attack.js:96:69)
    at Client.<anonymous> (D:\dark-warriors-bot\index.js:363:19)
    at Client.emit (node:events:518:28)
    at MessageCreateAction.handle (D:\dark-warriors-bot\node_modules\discord.js\src\client\actions\MessageCreate.js:32:14)
    at module.exports [as MESSAGE_CREATE] (D:\dark-warriors-bot\node_modules\discord.js\src\client\websocket\handlers\MESSAGE_CREATE.js:4:32)
    at WebSocketManager.handlePacket (D:\dark-warriors-bot\node_modules\discord.js\src\client\websocket\WebSocketManager.js:352:31)
    at WebSocketManager.<anonymous> (D:\dark-warriors-bot\node_modules\discord.js\src\client\websocket\WebSocketManager.js:236:12)
    at WebSocketManager.emit (D:\dark-warriors-bot\node_modules\@vladfrangu\async_event_emitter\dist\index.cjs:287:31)
    at WebSocketShard.<anonymous> (D:\dark-warriors-bot\node_modules\@discordjs\ws\dist\index.js:1190:51)
[2025-10-09T20:58:14.760Z] TypeError: Cannot read properties of undefined (reading 'toLocaleString')
    at Object.formatCoins (D:\dark-warriors-bot\economyData.js:102:17)
    at Object.execute (D:\dark-warriors-bot\commands\attack.js:97:63)
    at Client.<anonymous> (D:\dark-warriors-bot\index.js:363:19)
    at Client.emit (node:events:518:28)
    at MessageCreateAction.handle (D:\dark-warriors-bot\node_modules\discord.js\src\client\actions\MessageCreate.js:32:14)
    at module.exports [as MESSAGE_CREATE] (D:\dark-warriors-bot\node_modules\discord.js\src\client\websocket\handlers\MESSAGE_CREATE.js:4:32)
    at WebSocketManager.handlePacket (D:\dark-warriors-bot\node_modules\discord.js\src\client\websocket\WebSocketManager.js:352:31)
    at WebSocketManager.<anonymous> (D:\dark-warriors-bot\node_modules\discord.js\src\client\websocket\WebSocketManager.js:236:12)
    at WebSocketManager.emit (D:\dark-warriors-bot\node_modules\@vladfrangu\async_event_emitter\dist\index.cjs:287:31)
    at WebSocketShard.<anonymous> (D:\dark-warriors-bot\node_modules\@discordjs\ws\dist\index.js:1190:51)
[2025-10-09T21:02:16.505Z] TypeError: Cannot read properties of undefined (reading 'toLocaleString')
    at Object.formatCoins (D:\dark-warriors-bot\economyData.js:102:17)
    at Object.execute (D:\dark-warriors-bot\commands\attack.js:97:63)
    at Client.<anonymous> (D:\dark-warriors-bot\index.js:363:19)
    at Client.emit (node:events:518:28)
    at MessageCreateAction.handle (D:\dark-warriors-bot\node_modules\discord.js\src\client\actions\MessageCreate.js:32:14)
    at module.exports [as MESSAGE_CREATE] (D:\dark-warriors-bot\node_modules\discord.js\src\client\websocket\handlers\MESSAGE_CREATE.js:4:32)
    at WebSocketManager.handlePacket (D:\dark-warriors-bot\node_modules\discord.js\src\client\websocket\WebSocketManager.js:352:31)
    at WebSocketManager.<anonymous> (D:\dark-warriors-bot\node_modules\discord.js\src\client\websocket\WebSocketManager.js:236:12)
    at WebSocketManager.emit (D:\dark-warriors-bot\node_modules\@vladfrangu\async_event_emitter\dist\index.cjs:287:31)
    at WebSocketShard.<anonymous> (D:\dark-warriors-bot\node_modules\@discordjs\ws\dist\index.js:1190:51)
[2025-10-09T21:03:41.474Z] TypeError: Cannot read properties of undefined (reading 'toLocaleString')
    at Object.formatCoins (D:\dark-warriors-bot\economyData.js:102:17)
    at Object.execute (D:\dark-warriors-bot\commands\attack.js:96:69)
    at Client.<anonymous> (D:\dark-warriors-bot\index.js:363:19)
    at Client.emit (node:events:518:28)
    at MessageCreateAction.handle (D:\dark-warriors-bot\node_modules\discord.js\src\client\actions\MessageCreate.js:32:14)
    at module.exports [as MESSAGE_CREATE] (D:\dark-warriors-bot\node_modules\discord.js\src\client\websocket\handlers\MESSAGE_CREATE.js:4:32)
    at WebSocketManager.handlePacket (D:\dark-warriors-bot\node_modules\discord.js\src\client\websocket\WebSocketManager.js:352:31)
    at WebSocketManager.<anonymous> (D:\dark-warriors-bot\node_modules\discord.js\src\client\websocket\WebSocketManager.js:236:12)
    at WebSocketManager.emit (D:\dark-warriors-bot\node_modules\@vladfrangu\async_event_emitter\dist\index.cjs:287:31)
    at WebSocketShard.<anonymous> (D:\dark-warriors-bot\node_modules\@discordjs\ws\dist\index.js:1190:51)
[2025-10-10T04:40:59.482Z] Error: getaddrinfo ENOENT discord.com
    at GetAddrInfoReqWrap.onlookupall [as oncomplete] (node:dns:122:26)
[2025-10-13T16:58:54.971Z] DiscordAPIError[50007]: Cannot send messages to this user
    at handleErrors (D:\dark-warriors-bot\node_modules\@discordjs\rest\dist\index.js:762:13)
    at process.processTicksAndRejections (node:internal/process/task_queues:105:5)
    at async SequentialHandler.runRequest (D:\dark-warriors-bot\node_modules\@discordjs\rest\dist\index.js:1163:23)
    at async SequentialHandler.queueRequest (D:\dark-warriors-bot\node_modules\@discordjs\rest\dist\index.js:994:14)
    at async _REST.request (D:\dark-warriors-bot\node_modules\@discordjs\rest\dist\index.js:1307:22)
    at async DMChannel.send (D:\dark-warriors-bot\node_modules\discord.js\src\structures\interfaces\TextBasedChannel.js:195:15)
    at async Timeout._onTimeout (D:\dark-warriors-bot\index.js:260:17)
[2025-10-13T16:58:59.188Z] DiscordAPIError[50007]: Cannot send messages to this user
    at handleErrors (D:\dark-warriors-bot\node_modules\@discordjs\rest\dist\index.js:762:13)
    at process.processTicksAndRejections (node:internal/process/task_queues:105:5)
    at async SequentialHandler.runRequest (D:\dark-warriors-bot\node_modules\@discordjs\rest\dist\index.js:1163:23)
    at async SequentialHandler.queueRequest (D:\dark-warriors-bot\node_modules\@discordjs\rest\dist\index.js:994:14)
    at async _REST.request (D:\dark-warriors-bot\node_modules\@discordjs\rest\dist\index.js:1307:22)
    at async DMChannel.send (D:\dark-warriors-bot\node_modules\discord.js\src\structures\interfaces\TextBasedChannel.js:195:15)
    at async Timeout._onTimeout (D:\dark-warriors-bot\index.js:260:17)
[2025-10-13T18:00:42.843Z] DiscordAPIError[50007]: Cannot send messages to this user
    at handleErrors (D:\dark-warriors-bot\node_modules\@discordjs\rest\dist\index.js:762:13)
    at process.processTicksAndRejections (node:internal/process/task_queues:105:5)
    at async SequentialHandler.runRequest (D:\dark-warriors-bot\node_modules\@discordjs\rest\dist\index.js:1163:23)
    at async SequentialHandler.queueRequest (D:\dark-warriors-bot\node_modules\@discordjs\rest\dist\index.js:994:14)
    at async _REST.request (D:\dark-warriors-bot\node_modules\@discordjs\rest\dist\index.js:1307:22)
    at async DMChannel.send (D:\dark-warriors-bot\node_modules\discord.js\src\structures\interfaces\TextBasedChannel.js:195:15)
    at async Timeout._onTimeout (D:\dark-warriors-bot\index.js:281:15)
[2025-10-13T18:00:45.852Z] DiscordAPIError[50007]: Cannot send messages to this user
    at handleErrors (D:\dark-warriors-bot\node_modules\@discordjs\rest\dist\index.js:762:13)
    at process.processTicksAndRejections (node:internal/process/task_queues:105:5)
    at async SequentialHandler.runRequest (D:\dark-warriors-bot\node_modules\@discordjs\rest\dist\index.js:1163:23)
    at async SequentialHandler.queueRequest (D:\dark-warriors-bot\node_modules\@discordjs\rest\dist\index.js:994:14)
    at async _REST.request (D:\dark-warriors-bot\node_modules\@discordjs\rest\dist\index.js:1307:22)
    at async DMChannel.send (D:\dark-warriors-bot\node_modules\discord.js\src\structures\interfaces\TextBasedChannel.js:195:15)
    at async Timeout._onTimeout (D:\dark-warriors-bot\index.js:281:15)
[2025-10-13T18:16:09.142Z] DiscordAPIError[50007]: Cannot send messages to this user
    at handleErrors (D:\dark-warriors-bot\node_modules\@discordjs\rest\dist\index.js:762:13)
    at process.processTicksAndRejections (node:internal/process/task_queues:105:5)
    at async SequentialHandler.runRequest (D:\dark-warriors-bot\node_modules\@discordjs\rest\dist\index.js:1163:23)
    at async SequentialHandler.queueRequest (D:\dark-warriors-bot\node_modules\@discordjs\rest\dist\index.js:994:14)
    at async _REST.request (D:\dark-warriors-bot\node_modules\@discordjs\rest\dist\index.js:1307:22)
    at async DMChannel.send (D:\dark-warriors-bot\node_modules\discord.js\src\structures\interfaces\TextBasedChannel.js:195:15)
    at async Timeout._onTimeout (D:\dark-warriors-bot\index.js:281:15)
[2025-10-13T18:16:12.670Z] DiscordAPIError[50007]: Cannot send messages to this user
    at handleErrors (D:\dark-warriors-bot\node_modules\@discordjs\rest\dist\index.js:762:13)
    at process.processTicksAndRejections (node:internal/process/task_queues:105:5)
    at async SequentialHandler.runRequest (D:\dark-warriors-bot\node_modules\@discordjs\rest\dist\index.js:1163:23)
    at async SequentialHandler.queueRequest (D:\dark-warriors-bot\node_modules\@discordjs\rest\dist\index.js:994:14)
    at async _REST.request (D:\dark-warriors-bot\node_modules\@discordjs\rest\dist\index.js:1307:22)
    at async DMChannel.send (D:\dark-warriors-bot\node_modules\discord.js\src\structures\interfaces\TextBasedChannel.js:195:15)
    at async Timeout._onTimeout (D:\dark-warriors-bot\index.js:281:15)
[2025-10-13T22:54:10.730Z] SocketError: other side closed
    at TLSSocket.<anonymous> (D:\dark-warriors-bot\node_modules\undici\lib\dispatcher\client-h1.js:701:24)
    at TLSSocket.emit (node:events:530:35)
    at endReadableNT (node:internal/streams/readable:1698:12)
    at process.processTicksAndRejections (node:internal/process/task_queues:90:21)
[2025-10-15T00:01:39.316Z] Error: getaddrinfo ENOTFOUND discord.com
    at GetAddrInfoReqWrap.onlookupall [as oncomplete] (node:dns:122:26)
[2025-10-15T22:04:27.446Z] SocketError: other side closed
    at TLSSocket.<anonymous> (D:\dark-warriors-bot\node_modules\undici\lib\dispatcher\client-h1.js:701:24)
    at TLSSocket.emit (node:events:530:35)
    at endReadableNT (node:internal/streams/readable:1698:12)
    at process.processTicksAndRejections (node:internal/process/task_queues:90:21)
[2025-10-16T22:58:30.059Z] DiscordAPIError[50007]: Cannot send messages to this user
    at handleErrors (D:\dark-warriors-bot\node_modules\@discordjs\rest\dist\index.js:762:13)
    at process.processTicksAndRejections (node:internal/process/task_queues:105:5)
    at async SequentialHandler.runRequest (D:\dark-warriors-bot\node_modules\@discordjs\rest\dist\index.js:1163:23)
    at async SequentialHandler.queueRequest (D:\dark-warriors-bot\node_modules\@discordjs\rest\dist\index.js:994:14)
    at async _REST.request (D:\dark-warriors-bot\node_modules\@discordjs\rest\dist\index.js:1307:22)
    at async DMChannel.send (D:\dark-warriors-bot\node_modules\discord.js\src\structures\interfaces\TextBasedChannel.js:195:15)
    at async Timeout._onTimeout (D:\dark-warriors-bot\index.js:260:17)
[2025-10-16T22:58:32.166Z] DiscordAPIError[50007]: Cannot send messages to this user
    at handleErrors (D:\dark-warriors-bot\node_modules\@discordjs\rest\dist\index.js:762:13)
    at process.processTicksAndRejections (node:internal/process/task_queues:105:5)
    at async SequentialHandler.runRequest (D:\dark-warriors-bot\node_modules\@discordjs\rest\dist\index.js:1163:23)
    at async SequentialHandler.queueRequest (D:\dark-warriors-bot\node_modules\@discordjs\rest\dist\index.js:994:14)
    at async _REST.request (D:\dark-warriors-bot\node_modules\@discordjs\rest\dist\index.js:1307:22)
    at async DMChannel.send (D:\dark-warriors-bot\node_modules\discord.js\src\structures\interfaces\TextBasedChannel.js:195:15)
    at async Timeout._onTimeout (D:\dark-warriors-bot\index.js:260:17)
[2025-10-17T00:35:53.295Z] DiscordAPIError[50007]: Cannot send messages to this user
    at handleErrors (D:\dark-warriors-bot\node_modules\@discordjs\rest\dist\index.js:762:13)
    at process.processTicksAndRejections (node:internal/process/task_queues:105:5)
    at async SequentialHandler.runRequest (D:\dark-warriors-bot\node_modules\@discordjs\rest\dist\index.js:1163:23)
    at async SequentialHandler.queueRequest (D:\dark-warriors-bot\node_modules\@discordjs\rest\dist\index.js:994:14)
    at async _REST.request (D:\dark-warriors-bot\node_modules\@discordjs\rest\dist\index.js:1307:22)
    at async DMChannel.send (D:\dark-warriors-bot\node_modules\discord.js\src\structures\interfaces\TextBasedChannel.js:195:15)
    at async Client.<anonymous> (D:\dark-warriors-bot\index.js:340:9)
[2025-10-18T16:59:07.721Z] DiscordAPIError[50007]: Cannot send messages to this user
    at handleErrors (D:\dark-warriors-bot\node_modules\@discordjs\rest\dist\index.js:762:13)
    at process.processTicksAndRejections (node:internal/process/task_queues:105:5)
    at async SequentialHandler.runRequest (D:\dark-warriors-bot\node_modules\@discordjs\rest\dist\index.js:1163:23)
    at async SequentialHandler.queueRequest (D:\dark-warriors-bot\node_modules\@discordjs\rest\dist\index.js:994:14)
    at async _REST.request (D:\dark-warriors-bot\node_modules\@discordjs\rest\dist\index.js:1307:22)
    at async DMChannel.send (D:\dark-warriors-bot\node_modules\discord.js\src\structures\interfaces\TextBasedChannel.js:195:15)
    at async Timeout._onTimeout (D:\dark-warriors-bot\index.js:260:17)
[2025-10-19T00:05:15.728Z] AbortError: This operation was aborted
    at new DOMException (node:internal/per_context/domexception:53:5)
    at AbortController.abort (node:internal/abort_controller:504:18)
    at Timeout.<anonymous> (D:\dark-warriors-bot\node_modules\@discordjs\rest\dist\index.js:715:47)
    at listOnTimeout (node:internal/timers:588:17)
    at process.processTimers (node:internal/timers:523:7)
[2025-10-21T19:59:13.705Z] DiscordAPIError[50007]: Cannot send messages to this user
    at handleErrors (D:\dark-warriors-bot\node_modules\@discordjs\rest\dist\index.js:762:13)
    at process.processTicksAndRejections (node:internal/process/task_queues:105:5)
    at async SequentialHandler.runRequest (D:\dark-warriors-bot\node_modules\@discordjs\rest\dist\index.js:1163:23)
    at async SequentialHandler.queueRequest (D:\dark-warriors-bot\node_modules\@discordjs\rest\dist\index.js:994:14)
    at async _REST.request (D:\dark-warriors-bot\node_modules\@discordjs\rest\dist\index.js:1307:22)
    at async DMChannel.send (D:\dark-warriors-bot\node_modules\discord.js\src\structures\interfaces\TextBasedChannel.js:195:15)
    at async Timeout._onTimeout (D:\dark-warriors-bot\index.js:260:17)
[2025-10-21T19:59:42.988Z] DiscordAPIError[50007]: Cannot send messages to this user
    at handleErrors (D:\dark-warriors-bot\node_modules\@discordjs\rest\dist\index.js:762:13)
    at process.processTicksAndRejections (node:internal/process/task_queues:105:5)
    at async SequentialHandler.runRequest (D:\dark-warriors-bot\node_modules\@discordjs\rest\dist\index.js:1163:23)
    at async SequentialHandler.queueRequest (D:\dark-warriors-bot\node_modules\@discordjs\rest\dist\index.js:994:14)
    at async _REST.request (D:\dark-warriors-bot\node_modules\@discordjs\rest\dist\index.js:1307:22)
    at async DMChannel.send (D:\dark-warriors-bot\node_modules\discord.js\src\structures\interfaces\TextBasedChannel.js:195:15)
    at async Timeout._onTimeout (D:\dark-warriors-bot\index.js:260:17)
[2025-10-21T20:00:03.106Z] DiscordAPIError[50007]: Cannot send messages to this user
    at handleErrors (D:\dark-warriors-bot\node_modules\@discordjs\rest\dist\index.js:762:13)
    at process.processTicksAndRejections (node:internal/process/task_queues:105:5)
    at async SequentialHandler.runRequest (D:\dark-warriors-bot\node_modules\@discordjs\rest\dist\index.js:1163:23)
    at async SequentialHandler.queueRequest (D:\dark-warriors-bot\node_modules\@discordjs\rest\dist\index.js:994:14)
    at async _REST.request (D:\dark-warriors-bot\node_modules\@discordjs\rest\dist\index.js:1307:22)
    at async DMChannel.send (D:\dark-warriors-bot\node_modules\discord.js\src\structures\interfaces\TextBasedChannel.js:195:15)
    at async Timeout._onTimeout (D:\dark-warriors-bot\index.js:260:17)
[2025-10-21T20:00:22.101Z] DiscordAPIError[50007]: Cannot send messages to this user
    at handleErrors (D:\dark-warriors-bot\node_modules\@discordjs\rest\dist\index.js:762:13)
    at process.processTicksAndRejections (node:internal/process/task_queues:105:5)
    at async SequentialHandler.runRequest (D:\dark-warriors-bot\node_modules\@discordjs\rest\dist\index.js:1163:23)
    at async SequentialHandler.queueRequest (D:\dark-warriors-bot\node_modules\@discordjs\rest\dist\index.js:994:14)
    at async _REST.request (D:\dark-warriors-bot\node_modules\@discordjs\rest\dist\index.js:1307:22)
    at async DMChannel.send (D:\dark-warriors-bot\node_modules\discord.js\src\structures\interfaces\TextBasedChannel.js:195:15)
    at async Timeout._onTimeout (D:\dark-warriors-bot\index.js:260:17)
[2025-10-21T21:01:24.822Z] DiscordAPIError[50007]: Cannot send messages to this user
    at handleErrors (D:\dark-warriors-bot\node_modules\@discordjs\rest\dist\index.js:762:13)
    at process.processTicksAndRejections (node:internal/process/task_queues:105:5)
    at async SequentialHandler.runRequest (D:\dark-warriors-bot\node_modules\@discordjs\rest\dist\index.js:1163:23)
    at async SequentialHandler.queueRequest (D:\dark-warriors-bot\node_modules\@discordjs\rest\dist\index.js:994:14)
    at async _REST.request (D:\dark-warriors-bot\node_modules\@discordjs\rest\dist\index.js:1307:22)
    at async DMChannel.send (D:\dark-warriors-bot\node_modules\discord.js\src\structures\interfaces\TextBasedChannel.js:195:15)
    at async Timeout._onTimeout (D:\dark-warriors-bot\index.js:281:15)
[2025-10-21T21:47:30.376Z] TypeError: Cannot read properties of undefined (reading 'toLocaleString')
    at Object.formatCoins (D:\dark-warriors-bot\economyData.js:102:17)
    at Object.execute (D:\dark-warriors-bot\commands\attack.js:97:63)
    at Client.<anonymous> (D:\dark-warriors-bot\index.js:363:19)
    at Client.emit (node:events:518:28)
    at MessageCreateAction.handle (D:\dark-warriors-bot\node_modules\discord.js\src\client\actions\MessageCreate.js:32:14)
    at module.exports [as MESSAGE_CREATE] (D:\dark-warriors-bot\node_modules\discord.js\src\client\websocket\handlers\MESSAGE_CREATE.js:4:32)
    at WebSocketManager.handlePacket (D:\dark-warriors-bot\node_modules\discord.js\src\client\websocket\WebSocketManager.js:352:31)
    at WebSocketManager.<anonymous> (D:\dark-warriors-bot\node_modules\discord.js\src\client\websocket\WebSocketManager.js:236:12)
    at WebSocketManager.emit (D:\dark-warriors-bot\node_modules\@vladfrangu\async_event_emitter\dist\index.cjs:287:31)
    at WebSocketShard.<anonymous> (D:\dark-warriors-bot\node_modules\@discordjs\ws\dist\index.js:1190:51)
[2025-10-21T21:48:01.929Z] TypeError: Cannot read properties of undefined (reading 'toLocaleString')
    at Object.formatCoins (D:\dark-warriors-bot\economyData.js:102:17)
    at Object.execute (D:\dark-warriors-bot\commands\attack.js:97:63)
    at Client.<anonymous> (D:\dark-warriors-bot\index.js:363:19)
    at Client.emit (node:events:518:28)
    at MessageCreateAction.handle (D:\dark-warriors-bot\node_modules\discord.js\src\client\actions\MessageCreate.js:32:14)
    at module.exports [as MESSAGE_CREATE] (D:\dark-warriors-bot\node_modules\discord.js\src\client\websocket\handlers\MESSAGE_CREATE.js:4:32)
    at WebSocketManager.handlePacket (D:\dark-warriors-bot\node_modules\discord.js\src\client\websocket\WebSocketManager.js:352:31)
    at WebSocketManager.<anonymous> (D:\dark-warriors-bot\node_modules\discord.js\src\client\websocket\WebSocketManager.js:236:12)
    at WebSocketManager.emit (D:\dark-warriors-bot\node_modules\@vladfrangu\async_event_emitter\dist\index.cjs:287:31)
    at WebSocketShard.<anonymous> (D:\dark-warriors-bot\node_modules\@discordjs\ws\dist\index.js:1190:51)
[2025-10-26T23:00:43.554Z] DiscordAPIError[50007]: Cannot send messages to this user
    at handleErrors (D:\dark-warriors-bot\node_modules\@discordjs\rest\dist\index.js:762:13)
    at process.processTicksAndRejections (node:internal/process/task_queues:105:5)
    at async SequentialHandler.runRequest (D:\dark-warriors-bot\node_modules\@discordjs\rest\dist\index.js:1163:23)
    at async SequentialHandler.queueRequest (D:\dark-warriors-bot\node_modules\@discordjs\rest\dist\index.js:994:14)
    at async _REST.request (D:\dark-warriors-bot\node_modules\@discordjs\rest\dist\index.js:1307:22)
    at async DMChannel.send (D:\dark-warriors-bot\node_modules\discord.js\src\structures\interfaces\TextBasedChannel.js:195:15)
    at async Timeout._onTimeout (D:\dark-warriors-bot\index.js:281:15)
[2025-10-26T23:42:12.691Z] DiscordAPIError[50007]: Cannot send messages to this user
    at handleErrors (D:\dark-warriors-bot\node_modules\@discordjs\rest\dist\index.js:762:13)
    at process.processTicksAndRejections (node:internal/process/task_queues:105:5)
    at async SequentialHandler.runRequest (D:\dark-warriors-bot\node_modules\@discordjs\rest\dist\index.js:1163:23)
    at async SequentialHandler.queueRequest (D:\dark-warriors-bot\node_modules\@discordjs\rest\dist\index.js:994:14)
    at async _REST.request (D:\dark-warriors-bot\node_modules\@discordjs\rest\dist\index.js:1307:22)
    at async DMChannel.send (D:\dark-warriors-bot\node_modules\discord.js\src\structures\interfaces\TextBasedChannel.js:195:15)
    at async Client.<anonymous> (D:\dark-warriors-bot\index.js:340:9)
[2025-10-27T19:00:54.169Z] DiscordAPIError[50007]: Cannot send messages to this user
    at handleErrors (D:\dark-warriors-bot\node_modules\@discordjs\rest\dist\index.js:762:13)
    at process.processTicksAndRejections (node:internal/process/task_queues:105:5)
    at async SequentialHandler.runRequest (D:\dark-warriors-bot\node_modules\@discordjs\rest\dist\index.js:1163:23)
    at async SequentialHandler.queueRequest (D:\dark-warriors-bot\node_modules\@discordjs\rest\dist\index.js:994:14)
    at async _REST.request (D:\dark-warriors-bot\node_modules\@discordjs\rest\dist\index.js:1307:22)
    at async DMChannel.send (D:\dark-warriors-bot\node_modules\discord.js\src\structures\interfaces\TextBasedChannel.js:195:15)
    at async Timeout._onTimeout (D:\dark-warriors-bot\index.js:281:15)
[2025-10-27T19:36:19.079Z] DiscordAPIError[50007]: Cannot send messages to this user
    at handleErrors (D:\dark-warriors-bot\node_modules\@discordjs\rest\dist\index.js:762:13)
    at process.processTicksAndRejections (node:internal/process/task_queues:105:5)
    at async SequentialHandler.runRequest (D:\dark-warriors-bot\node_modules\@discordjs\rest\dist\index.js:1163:23)
    at async SequentialHandler.queueRequest (D:\dark-warriors-bot\node_modules\@discordjs\rest\dist\index.js:994:14)
    at async _REST.request (D:\dark-warriors-bot\node_modules\@discordjs\rest\dist\index.js:1307:22)
    at async DMChannel.send (D:\dark-warriors-bot\node_modules\discord.js\src\structures\interfaces\TextBasedChannel.js:195:15)
    at async Client.<anonymous> (D:\dark-warriors-bot\index.js:340:9)
[2025-10-27T20:43:41.360Z] DiscordAPIError[50035]: Invalid Form Body
message_reference[MESSAGE_REFERENCE_UNKNOWN_MESSAGE]: Unknown message
    at handleErrors (D:\dark-warriors-bot\node_modules\@discordjs\rest\dist\index.js:762:13)
    at process.processTicksAndRejections (node:internal/process/task_queues:105:5)
    at async SequentialHandler.runRequest (D:\dark-warriors-bot\node_modules\@discordjs\rest\dist\index.js:1163:23)
    at async SequentialHandler.queueRequest (D:\dark-warriors-bot\node_modules\@discordjs\rest\dist\index.js:994:14)
    at async _REST.request (D:\dark-warriors-bot\node_modules\@discordjs\rest\dist\index.js:1307:22)
    at async TextChannel.send (D:\dark-warriors-bot\node_modules\discord.js\src\structures\interfaces\TextBasedChannel.js:195:15)
    at async Client.<anonymous> (D:\dark-warriors-bot\index.js:363:5)
[2025-11-01T08:44:24.552Z] Error: getaddrinfo ENOTFOUND discord.com
    at GetAddrInfoReqWrap.onlookupall [as oncomplete] (node:dns:122:26)
[2025-11-02T11:42:38.546Z] Error: getaddrinfo ENOTFOUND discord.com
    at GetAddrInfoReqWrap.onlookupall [as oncomplete] (node:dns:122:26)
[2025-11-02T13:23:38.470Z] Error: getaddrinfo ENOTFOUND discord.com
    at GetAddrInfoReqWrap.onlookupall [as oncomplete] (node:dns:122:26)
[2025-11-02T13:24:38.471Z] Error: getaddrinfo ENOTFOUND discord.com
    at GetAddrInfoReqWrap.onlookupall [as oncomplete] (node:dns:122:26)
[2025-11-04T18:46:08.843Z] AbortError: This operation was aborted
    at new DOMException (node:internal/per_context/domexception:53:5)
    at AbortController.abort (node:internal/abort_controller:504:18)
    at Timeout.<anonymous> (D:\dark-warriors-bot\node_modules\@discordjs\rest\dist\index.js:715:47)
    at listOnTimeout (node:internal/timers:588:17)
    at process.processTimers (node:internal/timers:523:7)
[2025-11-07T18:33:54.066Z] TypeError: Cannot read properties of undefined (reading 'toLocaleString')
    at Object.formatCoins (D:\dark-warriors-bot\economyData.js:102:17)
    at Object.execute (D:\dark-warriors-bot\commands\attack.js:97:63)
    at Client.<anonymous> (D:\dark-warriors-bot\index.js:363:19)
    at Client.emit (node:events:518:28)
    at MessageCreateAction.handle (D:\dark-warriors-bot\node_modules\discord.js\src\client\actions\MessageCreate.js:32:14)
    at module.exports [as MESSAGE_CREATE] (D:\dark-warriors-bot\node_modules\discord.js\src\client\websocket\handlers\MESSAGE_CREATE.js:4:32)
    at WebSocketManager.handlePacket (D:\dark-warriors-bot\node_modules\discord.js\src\client\websocket\WebSocketManager.js:352:31)
    at WebSocketManager.<anonymous> (D:\dark-warriors-bot\node_modules\discord.js\src\client\websocket\WebSocketManager.js:236:12)
    at WebSocketManager.emit (D:\dark-warriors-bot\node_modules\@vladfrangu\async_event_emitter\dist\index.cjs:287:31)
    at WebSocketShard.<anonymous> (D:\dark-warriors-bot\node_modules\@discordjs\ws\dist\index.js:1190:51)
[2025-11-07T18:34:07.689Z] TypeError: Cannot read properties of undefined (reading 'toLocaleString')
    at Object.formatCoins (D:\dark-warriors-bot\economyData.js:102:17)
    at Object.execute (D:\dark-warriors-bot\commands\attack.js:97:63)
    at Client.<anonymous> (D:\dark-warriors-bot\index.js:363:19)
    at Client.emit (node:events:518:28)
    at MessageCreateAction.handle (D:\dark-warriors-bot\node_modules\discord.js\src\client\actions\MessageCreate.js:32:14)
    at module.exports [as MESSAGE_CREATE] (D:\dark-warriors-bot\node_modules\discord.js\src\client\websocket\handlers\MESSAGE_CREATE.js:4:32)
    at WebSocketManager.handlePacket (D:\dark-warriors-bot\node_modules\discord.js\src\client\websocket\WebSocketManager.js:352:31)
    at WebSocketManager.<anonymous> (D:\dark-warriors-bot\node_modules\discord.js\src\client\websocket\WebSocketManager.js:236:12)
    at WebSocketManager.emit (D:\dark-warriors-bot\node_modules\@vladfrangu\async_event_emitter\dist\index.cjs:287:31)
    at WebSocketShard.<anonymous> (D:\dark-warriors-bot\node_modules\@discordjs\ws\dist\index.js:1190:51)
[2025-11-08T10:06:35.931Z] ConnectTimeoutError: Connect Timeout Error (attempted address: discord.com:443, timeout: 10000ms)
    at onConnectTimeout (D:\dark-warriors-bot\node_modules\undici\lib\core\connect.js:237:24)
    at Immediate._onImmediate (D:\dark-warriors-bot\node_modules\undici\lib\core\connect.js:188:35)
    at process.processImmediate (node:internal/timers:485:21)
[2025-11-09T13:56:14.180Z] Error: getaddrinfo ENOTFOUND discord.com
    at GetAddrInfoReqWrap.onlookupall [as oncomplete] (node:dns:122:26)
[2025-11-09T16:40:04.681Z] TypeError: Cannot read properties of undefined (reading 'toLocaleString')
    at Object.formatCoins (D:\dark-warriors-bot\economyData.js:102:17)
    at Object.execute (D:\dark-warriors-bot\commands\attack.js:97:63)
    at Client.<anonymous> (D:\dark-warriors-bot\index.js:363:19)
    at Client.emit (node:events:518:28)
    at MessageCreateAction.handle (D:\dark-warriors-bot\node_modules\discord.js\src\client\actions\MessageCreate.js:32:14)
    at module.exports [as MESSAGE_CREATE] (D:\dark-warriors-bot\node_modules\discord.js\src\client\websocket\handlers\MESSAGE_CREATE.js:4:32)
    at WebSocketManager.handlePacket (D:\dark-warriors-bot\node_modules\discord.js\src\client\websocket\WebSocketManager.js:352:31)
    at WebSocketManager.<anonymous> (D:\dark-warriors-bot\node_modules\discord.js\src\client\websocket\WebSocketManager.js:236:12)
    at WebSocketManager.emit (D:\dark-warriors-bot\node_modules\@vladfrangu\async_event_emitter\dist\index.cjs:287:31)
    at WebSocketShard.<anonymous> (D:\dark-warriors-bot\node_modules\@discordjs\ws\dist\index.js:1190:51)
[2025-11-16T01:01:14.667Z] ReferenceError: halloweenPets is not defined
    at Object.execute (D:\dark-warriors-bot\commands\shop.js:60:32)
    at Client.<anonymous> (D:\dark-warriors-bot\index.js:363:19)
    at Client.emit (node:events:518:28)
    at MessageCreateAction.handle (D:\dark-warriors-bot\node_modules\discord.js\src\client\actions\MessageCreate.js:32:14)
    at module.exports [as MESSAGE_CREATE] (D:\dark-warriors-bot\node_modules\discord.js\src\client\websocket\handlers\MESSAGE_CREATE.js:4:32)
    at WebSocketManager.handlePacket (D:\dark-warriors-bot\node_modules\discord.js\src\client\websocket\WebSocketManager.js:352:31)
    at WebSocketManager.<anonymous> (D:\dark-warriors-bot\node_modules\discord.js\src\client\websocket\WebSocketManager.js:236:12)
    at WebSocketManager.emit (D:\dark-warriors-bot\node_modules\@vladfrangu\async_event_emitter\dist\index.cjs:287:31)
    at WebSocketShard.<anonymous> (D:\dark-warriors-bot\node_modules\@discordjs\ws\dist\index.js:1190:51)
    at WebSocketShard.emit (D:\dark-warriors-bot\node_modules\@vladfrangu\async_event_emitter\dist\index.cjs:287:31)
[2025-11-20T12:38:21.695Z] Error: getaddrinfo ENOTFOUND discord.com
    at GetAddrInfoReqWrap.onlookupall [as oncomplete] (node:dns:122:26)
[2025-12-05T19:48:56.649Z] DiscordAPIError[10004]: Unknown Guild
    at handleErrors (D:\dark-warriors-bot\node_modules\@discordjs\rest\dist\index.js:762:13)
    at process.processTicksAndRejections (node:internal/process/task_queues:105:5)
    at async SequentialHandler.runRequest (D:\dark-warriors-bot\node_modules\@discordjs\rest\dist\index.js:1163:23)
    at async SequentialHandler.queueRequest (D:\dark-warriors-bot\node_modules\@discordjs\rest\dist\index.js:994:14)
    at async _REST.request (D:\dark-warriors-bot\node_modules\@discordjs\rest\dist\index.js:1307:22)
    at async GuildManager.fetch (D:\dark-warriors-bot\node_modules\discord.js\src\managers\GuildManager.js:275:20)
    at async Timeout._onTimeout (D:\dark-warriors-bot\index.js:222:21)
[2025-12-05T19:49:56.646Z] DiscordAPIError[10004]: Unknown Guild
    at handleErrors (D:\dark-warriors-bot\node_modules\@discordjs\rest\dist\index.js:762:13)
    at process.processTicksAndRejections (node:internal/process/task_queues:105:5)
    at async SequentialHandler.runRequest (D:\dark-warriors-bot\node_modules\@discordjs\rest\dist\index.js:1163:23)
    at async SequentialHandler.queueRequest (D:\dark-warriors-bot\node_modules\@discordjs\rest\dist\index.js:994:14)
    at async _REST.request (D:\dark-warriors-bot\node_modules\@discordjs\rest\dist\index.js:1307:22)
    at async GuildManager.fetch (D:\dark-warriors-bot\node_modules\discord.js\src\managers\GuildManager.js:275:20)
    at async Timeout._onTimeout (D:\dark-warriors-bot\index.js:222:21)
[2025-12-05T19:50:56.573Z] DiscordAPIError[10004]: Unknown Guild
    at handleErrors (D:\dark-warriors-bot\node_modules\@discordjs\rest\dist\index.js:762:13)
    at process.processTicksAndRejections (node:internal/process/task_queues:105:5)
    at async SequentialHandler.runRequest (D:\dark-warriors-bot\node_modules\@discordjs\rest\dist\index.js:1163:23)
    at async SequentialHandler.queueRequest (D:\dark-warriors-bot\node_modules\@discordjs\rest\dist\index.js:994:14)
    at async _REST.request (D:\dark-warriors-bot\node_modules\@discordjs\rest\dist\index.js:1307:22)
    at async GuildManager.fetch (D:\dark-warriors-bot\node_modules\discord.js\src\managers\GuildManager.js:275:20)
    at async Timeout._onTimeout (D:\dark-warriors-bot\index.js:222:21)
[2025-12-05T19:54:59.826Z] Error: Received one or more errors
    at _UnionValidator.handle (D:\dark-warriors-bot\node_modules\@sapphire\shapeshift\dist\cjs\index.cjs:1965:23)
    at _UnionValidator.parse (D:\dark-warriors-bot\node_modules\@sapphire\shapeshift\dist\cjs\index.cjs:972:90)
    at EmbedBuilder.setImage (D:\dark-warriors-bot\node_modules\@discordjs\builders\dist\index.js:349:23)
    at Object.execute (D:\dark-warriors-bot\commands\uniform.js:12:14)
    at Client.<anonymous> (D:\dark-warriors-bot\index.js:363:19)
    at Client.emit (node:events:518:28)
    at MessageCreateAction.handle (D:\dark-warriors-bot\node_modules\discord.js\src\client\actions\MessageCreate.js:32:14)
    at module.exports [as MESSAGE_CREATE] (D:\dark-warriors-bot\node_modules\discord.js\src\client\websocket\handlers\MESSAGE_CREATE.js:4:32)
    at WebSocketManager.handlePacket (D:\dark-warriors-bot\node_modules\discord.js\src\client\websocket\WebSocketManager.js:352:31)
    at WebSocketManager.<anonymous> (D:\dark-warriors-bot\node_modules\discord.js\src\client\websocket\WebSocketManager.js:236:12)
[2025-12-05T19:58:22.248Z] DiscordAPIError[50001]: Missing Access
    at handleErrors (D:\dark-warriors-bot\node_modules\@discordjs\rest\dist\index.js:762:13)
    at process.processTicksAndRejections (node:internal/process/task_queues:105:5)
    at async SequentialHandler.runRequest (D:\dark-warriors-bot\node_modules\@discordjs\rest\dist\index.js:1163:23)
    at async SequentialHandler.queueRequest (D:\dark-warriors-bot\node_modules\@discordjs\rest\dist\index.js:994:14)
    at async _REST.request (D:\dark-warriors-bot\node_modules\@discordjs\rest\dist\index.js:1307:22)
    at async ChannelManager.fetch (D:\dark-warriors-bot\node_modules\discord.js\src\managers\ChannelManager.js:130:18)
    at async Client.<anonymous> (D:\dark-warriors-bot\index.js:405:23)
[2025-12-06T15:04:46.927Z] DiscordAPIError[10003]: Unknown Channel
    at handleErrors (D:\teutons-bot\node_modules\@discordjs\rest\dist\index.js:762:13)
    at process.processTicksAndRejections (node:internal/process/task_queues:105:5)
    at async SequentialHandler.runRequest (D:\teutons-bot\node_modules\@discordjs\rest\dist\index.js:1163:23)
    at async SequentialHandler.queueRequest (D:\teutons-bot\node_modules\@discordjs\rest\dist\index.js:994:14)
    at async _REST.request (D:\teutons-bot\node_modules\@discordjs\rest\dist\index.js:1307:22)
    at async ChannelManager.fetch (D:\teutons-bot\node_modules\discord.js\src\managers\ChannelManager.js:130:18)
    at async Client.<anonymous> (D:\teutons-bot\index.js:405:23)
[2025-12-06T15:04:50.172Z] DiscordAPIError[10003]: Unknown Channel
    at handleErrors (D:\teutons-bot\node_modules\@discordjs\rest\dist\index.js:762:13)
    at process.processTicksAndRejections (node:internal/process/task_queues:105:5)
    at async SequentialHandler.runRequest (D:\teutons-bot\node_modules\@discordjs\rest\dist\index.js:1163:23)
    at async SequentialHandler.queueRequest (D:\teutons-bot\node_modules\@discordjs\rest\dist\index.js:994:14)
    at async _REST.request (D:\teutons-bot\node_modules\@discordjs\rest\dist\index.js:1307:22)
    at async ChannelManager.fetch (D:\teutons-bot\node_modules\discord.js\src\managers\ChannelManager.js:130:18)
    at async Client.<anonymous> (D:\teutons-bot\index.js:405:23)
[2025-12-06T15:19:44.023Z] TypeError: activations.includes is not a function
    at Object.execute (D:\teutons-bot\commands\activate.js:28:25)
    at Client.<anonymous> (D:\teutons-bot\index.js:363:19)
    at Client.emit (node:events:518:28)
    at MessageCreateAction.handle (D:\teutons-bot\node_modules\discord.js\src\client\actions\MessageCreate.js:32:14)
    at module.exports [as MESSAGE_CREATE] (D:\teutons-bot\node_modules\discord.js\src\client\websocket\handlers\MESSAGE_CREATE.js:4:32)
    at WebSocketManager.handlePacket (D:\teutons-bot\node_modules\discord.js\src\client\websocket\WebSocketManager.js:352:31)
    at WebSocketManager.<anonymous> (D:\teutons-bot\node_modules\discord.js\src\client\websocket\WebSocketManager.js:236:12)
    at WebSocketManager.emit (D:\teutons-bot\node_modules\@vladfrangu\async_event_emitter\dist\index.cjs:287:31)
    at WebSocketShard.<anonymous> (D:\teutons-bot\node_modules\@discordjs\ws\dist\index.js:1190:51)
    at WebSocketShard.emit (D:\teutons-bot\node_modules\@vladfrangu\async_event_emitter\dist\index.cjs:287:31)
[2025-12-11T00:58:46.231Z] DiscordAPIError[50007]: Cannot send messages to this user
    at handleErrors (D:\teutons-bot\node_modules\@discordjs\rest\dist\index.js:762:13)
    at process.processTicksAndRejections (node:internal/process/task_queues:105:5)
    at async SequentialHandler.runRequest (D:\teutons-bot\node_modules\@discordjs\rest\dist\index.js:1163:23)
    at async SequentialHandler.queueRequest (D:\teutons-bot\node_modules\@discordjs\rest\dist\index.js:994:14)
    at async _REST.request (D:\teutons-bot\node_modules\@discordjs\rest\dist\index.js:1307:22)
    at async DMChannel.send (D:\teutons-bot\node_modules\discord.js\src\structures\interfaces\TextBasedChannel.js:195:15)
    at async Client.<anonymous> (D:\teutons-bot\index.js:356:9)
[2025-12-14T05:00:23.414Z] ConnectTimeoutError: Connect Timeout Error (attempted address: discord.com:443, timeout: 10000ms)
    at onConnectTimeout (D:\teutons-bot\node_modules\undici\lib\core\connect.js:237:24)
    at Immediate._onImmediate (D:\teutons-bot\node_modules\undici\lib\core\connect.js:188:35)
    at process.processImmediate (node:internal/timers:485:21)
[2026-01-05T04:14:31.852Z] ConnectTimeoutError: Connect Timeout Error (attempted addresses: 162.159.128.233:443, 162.159.138.232:443, 162.159.136.232:443, 162.159.135.232:443, 162.159.137.232:443, timeout: 10000ms)
    at onConnectTimeout (D:\teutons-bot\node_modules\undici\lib\core\connect.js:237:24)
    at Immediate._onImmediate (D:\teutons-bot\node_modules\undici\lib\core\connect.js:188:35)
    at process.processImmediate (node:internal/timers:485:21)
[2026-01-05T06:18:42.835Z] ConnectTimeoutError: Connect Timeout Error (attempted addresses: 162.159.136.232:443, 162.159.138.232:443, 162.159.137.232:443, 162.159.128.233:443, 162.159.135.232:443, timeout: 10000ms)
    at onConnectTimeout (D:\teutons-bot\node_modules\undici\lib\core\connect.js:237:24)
    at Immediate._onImmediate (D:\teutons-bot\node_modules\undici\lib\core\connect.js:188:35)
    at process.processImmediate (node:internal/timers:485:21)
[2026-01-17T23:58:18.482Z] DiscordAPIError[50007]: Cannot send messages to this user
    at handleErrors (D:\teutons-bot\node_modules\@discordjs\rest\dist\index.js:762:13)
    at process.processTicksAndRejections (node:internal/process/task_queues:105:5)
    at async SequentialHandler.runRequest (D:\teutons-bot\node_modules\@discordjs\rest\dist\index.js:1163:23)
    at async SequentialHandler.queueRequest (D:\teutons-bot\node_modules\@discordjs\rest\dist\index.js:994:14)
    at async _REST.request (D:\teutons-bot\node_modules\@discordjs\rest\dist\index.js:1307:22)
    at async DMChannel.send (D:\teutons-bot\node_modules\discord.js\src\structures\interfaces\TextBasedChannel.js:195:15)
    at async Timeout._onTimeout (D:\teutons-bot\index.js:276:17)
[2026-01-17T23:59:13.349Z] DiscordAPIError[50007]: Cannot send messages to this user
    at handleErrors (D:\teutons-bot\node_modules\@discordjs\rest\dist\index.js:762:13)
    at process.processTicksAndRejections (node:internal/process/task_queues:105:5)
    at async SequentialHandler.runRequest (D:\teutons-bot\node_modules\@discordjs\rest\dist\index.js:1163:23)
    at async SequentialHandler.queueRequest (D:\teutons-bot\node_modules\@discordjs\rest\dist\index.js:994:14)
    at async _REST.request (D:\teutons-bot\node_modules\@discordjs\rest\dist\index.js:1307:22)
    at async DMChannel.send (D:\teutons-bot\node_modules\discord.js\src\structures\interfaces\TextBasedChannel.js:195:15)
    at async Timeout._onTimeout (D:\teutons-bot\index.js:276:17)
[2026-01-18T01:00:14.866Z] DiscordAPIError[50007]: Cannot send messages to this user
    at handleErrors (D:\teutons-bot\node_modules\@discordjs\rest\dist\index.js:762:13)
    at process.processTicksAndRejections (node:internal/process/task_queues:105:5)
    at async SequentialHandler.runRequest (D:\teutons-bot\node_modules\@discordjs\rest\dist\index.js:1163:23)
    at async SequentialHandler.queueRequest (D:\teutons-bot\node_modules\@discordjs\rest\dist\index.js:994:14)
    at async _REST.request (D:\teutons-bot\node_modules\@discordjs\rest\dist\index.js:1307:22)
    at async DMChannel.send (D:\teutons-bot\node_modules\discord.js\src\structures\interfaces\TextBasedChannel.js:195:15)
    at async Timeout._onTimeout (D:\teutons-bot\index.js:297:15)
[2026-01-18T01:29:51.970Z] DiscordAPIError[50007]: Cannot send messages to this user
    at handleErrors (D:\teutons-bot\node_modules\@discordjs\rest\dist\index.js:762:13)
    at process.processTicksAndRejections (node:internal/process/task_queues:105:5)
    at async SequentialHandler.runRequest (D:\teutons-bot\node_modules\@discordjs\rest\dist\index.js:1163:23)
    at async SequentialHandler.queueRequest (D:\teutons-bot\node_modules\@discordjs\rest\dist\index.js:994:14)
    at async _REST.request (D:\teutons-bot\node_modules\@discordjs\rest\dist\index.js:1307:22)
    at async DMChannel.send (D:\teutons-bot\node_modules\discord.js\src\structures\interfaces\TextBasedChannel.js:195:15)
    at async Client.<anonymous> (D:\teutons-bot\index.js:356:9)
[2026-01-19T22:55:05.776Z] ConnectTimeoutError: Connect Timeout Error (attempted addresses: 162.159.128.233:443, 162.159.137.232:443, 162.159.138.232:443, 162.159.136.232:443, 162.159.135.232:443, timeout: 10000ms)
    at onConnectTimeout (D:\teutons-bot\node_modules\undici\lib\core\connect.js:237:24)
    at Immediate._onImmediate (D:\teutons-bot\node_modules\undici\lib\core\connect.js:188:35)
    at process.processImmediate (node:internal/timers:485:21)
[2026-01-19T22:56:05.905Z] ConnectTimeoutError: Connect Timeout Error (attempted address: discord.com:443, timeout: 10000ms)
    at onConnectTimeout (D:\teutons-bot\node_modules\undici\lib\core\connect.js:237:24)
    at Immediate._onImmediate (D:\teutons-bot\node_modules\undici\lib\core\connect.js:188:35)
    at process.processImmediate (node:internal/timers:485:21)
[2026-01-24T17:21:34.015Z] DiscordAPIError[50007]: Cannot send messages to this user
    at handleErrors (D:\teutons-bot\node_modules\@discordjs\rest\dist\index.js:762:13)
    at process.processTicksAndRejections (node:internal/process/task_queues:105:5)
    at async SequentialHandler.runRequest (D:\teutons-bot\node_modules\@discordjs\rest\dist\index.js:1163:23)
    at async SequentialHandler.queueRequest (D:\teutons-bot\node_modules\@discordjs\rest\dist\index.js:994:14)
    at async _REST.request (D:\teutons-bot\node_modules\@discordjs\rest\dist\index.js:1307:22)
    at async DMChannel.send (D:\teutons-bot\node_modules\discord.js\src\structures\interfaces\TextBasedChannel.js:195:15)
    at async Timeout._onTimeout (D:\teutons-bot\index.js:276:17)
[2026-01-24T18:23:33.565Z] DiscordAPIError[50007]: Cannot send messages to this user
    at handleErrors (D:\teutons-bot\node_modules\@discordjs\rest\dist\index.js:762:13)
    at process.processTicksAndRejections (node:internal/process/task_queues:105:5)
    at async SequentialHandler.runRequest (D:\teutons-bot\node_modules\@discordjs\rest\dist\index.js:1163:23)
    at async SequentialHandler.queueRequest (D:\teutons-bot\node_modules\@discordjs\rest\dist\index.js:994:14)
    at async _REST.request (D:\teutons-bot\node_modules\@discordjs\rest\dist\index.js:1307:22)
    at async DMChannel.send (D:\teutons-bot\node_modules\discord.js\src\structures\interfaces\TextBasedChannel.js:195:15)
    at async Timeout._onTimeout (D:\teutons-bot\index.js:297:15)
[2026-01-25T00:58:40.785Z] DiscordAPIError[50007]: Cannot send messages to this user
    at handleErrors (D:\teutons-bot\node_modules\@discordjs\rest\dist\index.js:762:13)
    at process.processTicksAndRejections (node:internal/process/task_queues:105:5)
    at async SequentialHandler.runRequest (D:\teutons-bot\node_modules\@discordjs\rest\dist\index.js:1163:23)
    at async SequentialHandler.queueRequest (D:\teutons-bot\node_modules\@discordjs\rest\dist\index.js:994:14)
    at async _REST.request (D:\teutons-bot\node_modules\@discordjs\rest\dist\index.js:1307:22)
    at async DMChannel.send (D:\teutons-bot\node_modules\discord.js\src\structures\interfaces\TextBasedChannel.js:195:15)
    at async Timeout._onTimeout (D:\teutons-bot\index.js:276:17)
[2026-01-25T02:00:39.641Z] DiscordAPIError[50007]: Cannot send messages to this user
    at handleErrors (D:\teutons-bot\node_modules\@discordjs\rest\dist\index.js:762:13)
    at process.processTicksAndRejections (node:internal/process/task_queues:105:5)
    at async SequentialHandler.runRequest (D:\teutons-bot\node_modules\@discordjs\rest\dist\index.js:1163:23)
    at async SequentialHandler.queueRequest (D:\teutons-bot\node_modules\@discordjs\rest\dist\index.js:994:14)
    at async _REST.request (D:\teutons-bot\node_modules\@discordjs\rest\dist\index.js:1307:22)
    at async DMChannel.send (D:\teutons-bot\node_modules\discord.js\src\structures\interfaces\TextBasedChannel.js:195:15)
    at async Timeout._onTimeout (D:\teutons-bot\index.js:297:15)
[2026-01-25T02:01:16.360Z] HTTPError: Internal Server Error
    at handleErrors (D:\teutons-bot\node_modules\@discordjs\rest\dist\index.js:755:11)
    at SequentialHandler.runRequest (D:\teutons-bot\node_modules\@discordjs\rest\dist\index.js:1163:29)
    at process.processTicksAndRejections (node:internal/process/task_queues:105:5)
    at async SequentialHandler.queueRequest (D:\teutons-bot\node_modules\@discordjs\rest\dist\index.js:994:14)
    at async _REST.request (D:\teutons-bot\node_modules\@discordjs\rest\dist\index.js:1307:22)
    at async DMChannel.send (D:\teutons-bot\node_modules\discord.js\src\structures\interfaces\TextBasedChannel.js:195:15)
    at async Timeout._onTimeout (D:\teutons-bot\index.js:297:15)
[2026-01-30T19:58:24.312Z] DiscordAPIError[50007]: Cannot send messages to this user
    at handleErrors (D:\teutons-bot\node_modules\@discordjs\rest\dist\index.js:762:13)
    at process.processTicksAndRejections (node:internal/process/task_queues:105:5)
    at async SequentialHandler.runRequest (D:\teutons-bot\node_modules\@discordjs\rest\dist\index.js:1163:23)
    at async SequentialHandler.queueRequest (D:\teutons-bot\node_modules\@discordjs\rest\dist\index.js:994:14)
    at async _REST.request (D:\teutons-bot\node_modules\@discordjs\rest\dist\index.js:1307:22)
    at async DMChannel.send (D:\teutons-bot\node_modules\discord.js\src\structures\interfaces\TextBasedChannel.js:195:15)
    at async Timeout._onTimeout (D:\teutons-bot\index.js:276:17)
[2026-01-30T21:00:23.715Z] DiscordAPIError[50007]: Cannot send messages to this user
    at handleErrors (D:\teutons-bot\node_modules\@discordjs\rest\dist\index.js:762:13)
    at process.processTicksAndRejections (node:internal/process/task_queues:105:5)
    at async SequentialHandler.runRequest (D:\teutons-bot\node_modules\@discordjs\rest\dist\index.js:1163:23)
    at async SequentialHandler.queueRequest (D:\teutons-bot\node_modules\@discordjs\rest\dist\index.js:994:14)
    at async _REST.request (D:\teutons-bot\node_modules\@discordjs\rest\dist\index.js:1307:22)
    at async DMChannel.send (D:\teutons-bot\node_modules\discord.js\src\structures\interfaces\TextBasedChannel.js:195:15)
    at async Timeout._onTimeout (D:\teutons-bot\index.js:297:15)
[2026-02-17T00:55:03.921Z] ConnectTimeoutError: Connect Timeout Error (attempted addresses: 162.159.128.233:443, 162.159.138.232:443, 162.159.135.232:443, 162.159.137.232:443, 162.159.136.232:443, timeout: 10000ms)
    at onConnectTimeout (D:\teutons-bot\node_modules\undici\lib\core\connect.js:237:24)
    at Immediate._onImmediate (D:\teutons-bot\node_modules\undici\lib\core\connect.js:188:35)
    at process.processImmediate (node:internal/timers:485:21)
[2026-02-17T00:55:55.835Z] ConnectTimeoutError: Connect Timeout Error (attempted addresses: 162.159.128.233:443, 162.159.138.232:443, 162.159.135.232:443, 162.159.137.232:443, 162.159.136.232:443, timeout: 10000ms)
    at onConnectTimeout (D:\teutons-bot\node_modules\undici\lib\core\connect.js:237:24)
    at Immediate._onImmediate (D:\teutons-bot\node_modules\undici\lib\core\connect.js:188:35)
    at process.processImmediate (node:internal/timers:485:21)
[2026-03-11T23:55:13.568Z] Error: getaddrinfo ENOTFOUND discord.com
    at GetAddrInfoReqWrap.onlookupall [as oncomplete] (node:dns:122:26)
[2026-07-30T18:11:39.990Z] DiscordAPIError[10004]: Unknown Guild
    at handleErrors (D:\teutons-bot\node_modules\@discordjs\rest\dist\index.js:762:13)
    at process.processTicksAndRejections (node:internal/process/task_queues:105:5)
    at async SequentialHandler.runRequest (D:\teutons-bot\node_modules\@discordjs\rest\dist\index.js:1163:23)
    at async SequentialHandler.queueRequest (D:\teutons-bot\node_modules\@discordjs\rest\dist\index.js:994:14)
    at async _REST.request (D:\teutons-bot\node_modules\@discordjs\rest\dist\index.js:1307:22)
    at async GuildManager.fetch (D:\teutons-bot\node_modules\discord.js\src\managers\GuildManager.js:275:20)
    at async Timeout._onTimeout (D:\teutons-bot\index.js:238:21)
[2026-07-30T18:13:43.735Z] DiscordAPIError[10004]: Unknown Guild
    at handleErrors (D:\teutons-bot\node_modules\@discordjs\rest\dist\index.js:762:13)
    at process.processTicksAndRejections (node:internal/process/task_queues:105:5)
    at async SequentialHandler.runRequest (D:\teutons-bot\node_modules\@discordjs\rest\dist\index.js:1163:23)
    at async SequentialHandler.queueRequest (D:\teutons-bot\node_modules\@discordjs\rest\dist\index.js:994:14)
    at async _REST.request (D:\teutons-bot\node_modules\@discordjs\rest\dist\index.js:1307:22)
    at async GuildManager.fetch (D:\teutons-bot\node_modules\discord.js\src\managers\GuildManager.js:275:20)
    at async Timeout._onTimeout (D:\teutons-bot\index.js:238:21)
[2026-07-30T18:14:43.532Z] DiscordAPIError[10004]: Unknown Guild
    at handleErrors (D:\teutons-bot\node_modules\@discordjs\rest\dist\index.js:762:13)
    at process.processTicksAndRejections (node:internal/process/task_queues:105:5)
    at async SequentialHandler.runRequest (D:\teutons-bot\node_modules\@discordjs\rest\dist\index.js:1163:23)
    at async SequentialHandler.queueRequest (D:\teutons-bot\node_modules\@discordjs\rest\dist\index.js:994:14)
    at async _REST.request (D:\teutons-bot\node_modules\@discordjs\rest\dist\index.js:1307:22)
    at async GuildManager.fetch (D:\teutons-bot\node_modules\discord.js\src\managers\GuildManager.js:275:20)
    at async Timeout._onTimeout (D:\teutons-bot\index.js:238:21)
[2026-07-30T18:24:38.475Z] DiscordAPIError[10004]: Unknown Guild
    at handleErrors (D:\teutons-bot\node_modules\@discordjs\rest\dist\index.js:762:13)
    at process.processTicksAndRejections (node:internal/process/task_queues:105:5)
    at async SequentialHandler.runRequest (D:\teutons-bot\node_modules\@discordjs\rest\dist\index.js:1163:23)
    at async SequentialHandler.queueRequest (D:\teutons-bot\node_modules\@discordjs\rest\dist\index.js:994:14)
    at async _REST.request (D:\teutons-bot\node_modules\@discordjs\rest\dist\index.js:1307:22)
    at async GuildManager.fetch (D:\teutons-bot\node_modules\discord.js\src\managers\GuildManager.js:275:20)
    at async Timeout._onTimeout (D:\teutons-bot\index.js:238:21)
[2026-08-02T16:58:21.788Z] DiscordAPIError[50278]: Cannot send messages to this user due to having no mutual guilds
    at handleErrors (D:\mb-bot\node_modules\@discordjs\rest\dist\index.js:762:13)
    at process.processTicksAndRejections (node:internal/process/task_queues:105:5)
    at async SequentialHandler.runRequest (D:\mb-bot\node_modules\@discordjs\rest\dist\index.js:1163:23)
    at async SequentialHandler.queueRequest (D:\mb-bot\node_modules\@discordjs\rest\dist\index.js:994:14)
    at async _REST.request (D:\mb-bot\node_modules\@discordjs\rest\dist\index.js:1307:22)
    at async DMChannel.send (D:\mb-bot\node_modules\discord.js\src\structures\interfaces\TextBasedChannel.js:195:15)
    at async Timeout._onTimeout (D:\mb-bot\index.js:164:17)
[2026-08-04T18:34:09.014Z] Error: getaddrinfo ENOTFOUND discord.com
    at GetAddrInfoReqWrap.onlookupall [as oncomplete] (node:dns:122:26)
[2026-08-04T18:35:08.970Z] Error: getaddrinfo ENOTFOUND discord.com
    at GetAddrInfoReqWrap.onlookupall [as oncomplete] (node:dns:122:26)
[2026-08-04T18:36:11.819Z] AggregateError [ETIMEDOUT]: 
    at internalConnectMultiple (node:net:1139:18)
    at afterConnectMultiple (node:net:1714:7)
[2026-08-05T20:09:15.522Z] DiscordAPIError[50278]: Cannot send messages to this user due to having no mutual guilds
    at handleErrors (D:\mb-bot\node_modules\@discordjs\rest\dist\index.js:762:13)
    at process.processTicksAndRejections (node:internal/process/task_queues:105:5)
    at async SequentialHandler.runRequest (D:\mb-bot\node_modules\@discordjs\rest\dist\index.js:1163:23)
    at async SequentialHandler.queueRequest (D:\mb-bot\node_modules\@discordjs\rest\dist\index.js:994:14)
    at async _REST.request (D:\mb-bot\node_modules\@discordjs\rest\dist\index.js:1307:22)
    at async DMChannel.send (D:\mb-bot\node_modules\discord.js\src\structures\interfaces\TextBasedChannel.js:195:15)
    at async Client.<anonymous> (D:\mb-bot\index.js:251:9)
[2026-08-06T18:48:24.441Z] TypeError: Cannot read properties of null (reading 'roles')
    at Object.execute (D:\mb-bot\commands\help.js:39:56)
    at Client.<anonymous> (D:\mb-bot\index.js:277:21)
    at Client.emit (node:events:518:28)
    at MessageCreateAction.handle (D:\mb-bot\node_modules\discord.js\src\client\actions\MessageCreate.js:32:14)
    at module.exports [as MESSAGE_CREATE] (D:\mb-bot\node_modules\discord.js\src\client\websocket\handlers\MESSAGE_CREATE.js:4:32)
    at WebSocketManager.handlePacket (D:\mb-bot\node_modules\discord.js\src\client\websocket\WebSocketManager.js:352:31)
    at WebSocketManager.<anonymous> (D:\mb-bot\node_modules\discord.js\src\client\websocket\WebSocketManager.js:236:12)
    at WebSocketManager.emit (D:\mb-bot\node_modules\@vladfrangu\async_event_emitter\dist\index.cjs:287:31)
    at WebSocketShard.<anonymous> (D:\mb-bot\node_modules\@discordjs\ws\dist\index.js:1190:51)
    at WebSocketShard.emit (D:\mb-bot\node_modules\@vladfrangu\async_event_emitter\dist\index.cjs:287:31)
[2026-08-06T20:18:07.120Z] DiscordAPIError[50278]: Cannot send messages to this user due to having no mutual guilds
    at handleErrors (D:\mb-bot\node_modules\@discordjs\rest\dist\index.js:762:13)
    at process.processTicksAndRejections (node:internal/process/task_queues:105:5)
    at async SequentialHandler.runRequest (D:\mb-bot\node_modules\@discordjs\rest\dist\index.js:1163:23)
    at async SequentialHandler.queueRequest (D:\mb-bot\node_modules\@discordjs\rest\dist\index.js:994:14)
    at async _REST.request (D:\mb-bot\node_modules\@discordjs\rest\dist\index.js:1307:22)
    at async DMChannel.send (D:\mb-bot\node_modules\discord.js\src\structures\interfaces\TextBasedChannel.js:195:15)
    at async Client.<anonymous> (D:\mb-bot\index.js:251:9)
[2026-08-06T20:22:08.157Z] DiscordAPIError[50278]: Cannot send messages to this user due to having no mutual guilds
    at handleErrors (D:\mb-bot\node_modules\@discordjs\rest\dist\index.js:762:13)
    at process.processTicksAndRejections (node:internal/process/task_queues:105:5)
    at async SequentialHandler.runRequest (D:\mb-bot\node_modules\@discordjs\rest\dist\index.js:1163:23)
    at async SequentialHandler.queueRequest (D:\mb-bot\node_modules\@discordjs\rest\dist\index.js:994:14)
    at async _REST.request (D:\mb-bot\node_modules\@discordjs\rest\dist\index.js:1307:22)
    at async DMChannel.send (D:\mb-bot\node_modules\discord.js\src\structures\interfaces\TextBasedChannel.js:195:15)
    at async Client.<anonymous> (D:\mb-bot\index.js:251:9)
[2026-08-07T22:18:26.195Z] HTTPError: Service Unavailable
    at handleErrors (D:\mb-bot\node_modules\@discordjs\rest\dist\index.js:755:11)
    at SequentialHandler.runRequest (D:\mb-bot\node_modules\@discordjs\rest\dist\index.js:1163:29)
    at process.processTicksAndRejections (node:internal/process/task_queues:105:5)
    at async SequentialHandler.queueRequest (D:\mb-bot\node_modules\@discordjs\rest\dist\index.js:994:14)
    at async _REST.request (D:\mb-bot\node_modules\@discordjs\rest\dist\index.js:1307:22)
    at async GuildScheduledEventManager.fetch (D:\mb-bot\node_modules\discord.js\src\managers\GuildScheduledEventManager.js:167:18)
    at async Timeout._onTimeout (D:\mb-bot\index.js:121:22)
[2026-08-07T22:19:30.099Z] HTTPError: Service Unavailable
    at handleErrors (D:\mb-bot\node_modules\@discordjs\rest\dist\index.js:755:11)
    at SequentialHandler.runRequest (D:\mb-bot\node_modules\@discordjs\rest\dist\index.js:1163:29)
    at process.processTicksAndRejections (node:internal/process/task_queues:105:5)
    at async SequentialHandler.queueRequest (D:\mb-bot\node_modules\@discordjs\rest\dist\index.js:994:14)
    at async _REST.request (D:\mb-bot\node_modules\@discordjs\rest\dist\index.js:1307:22)
    at async GuildScheduledEventManager.fetch (D:\mb-bot\node_modules\discord.js\src\managers\GuildScheduledEventManager.js:167:18)
    at async Timeout._onTimeout (D:\mb-bot\index.js:121:22)
[2026-08-07T22:20:28.414Z] HTTPError: Service Unavailable
    at handleErrors (D:\mb-bot\node_modules\@discordjs\rest\dist\index.js:755:11)
    at SequentialHandler.runRequest (D:\mb-bot\node_modules\@discordjs\rest\dist\index.js:1163:29)
    at process.processTicksAndRejections (node:internal/process/task_queues:105:5)
    at async SequentialHandler.queueRequest (D:\mb-bot\node_modules\@discordjs\rest\dist\index.js:994:14)
    at async _REST.request (D:\mb-bot\node_modules\@discordjs\rest\dist\index.js:1307:22)
    at async GuildScheduledEventManager.fetch (D:\mb-bot\node_modules\discord.js\src\managers\GuildScheduledEventManager.js:167:18)
    at async Timeout._onTimeout (D:\mb-bot\index.js:121:22)
[2026-08-07T22:21:27.496Z] HTTPError: Service Unavailable
    at handleErrors (D:\mb-bot\node_modules\@discordjs\rest\dist\index.js:755:11)
    at SequentialHandler.runRequest (D:\mb-bot\node_modules\@discordjs\rest\dist\index.js:1163:29)
    at process.processTicksAndRejections (node:internal/process/task_queues:105:5)
    at async SequentialHandler.queueRequest (D:\mb-bot\node_modules\@discordjs\rest\dist\index.js:994:14)
    at async _REST.request (D:\mb-bot\node_modules\@discordjs\rest\dist\index.js:1307:22)
    at async GuildScheduledEventManager.fetchSubscribers (D:\mb-bot\node_modules\discord.js\src\managers\GuildScheduledEventManager.js:299:18)
    at async Timeout._onTimeout (D:\mb-bot\index.js:140:29)
[2026-08-07T22:22:26.494Z] HTTPError: Service Unavailable
    at handleErrors (D:\mb-bot\node_modules\@discordjs\rest\dist\index.js:755:11)
    at SequentialHandler.runRequest (D:\mb-bot\node_modules\@discordjs\rest\dist\index.js:1163:29)
    at process.processTicksAndRejections (node:internal/process/task_queues:105:5)
    at async SequentialHandler.queueRequest (D:\mb-bot\node_modules\@discordjs\rest\dist\index.js:994:14)
    at async _REST.request (D:\mb-bot\node_modules\@discordjs\rest\dist\index.js:1307:22)
    at async GuildScheduledEventManager.fetch (D:\mb-bot\node_modules\discord.js\src\managers\GuildScheduledEventManager.js:167:18)
    at async Timeout._onTimeout (D:\mb-bot\index.js:121:22)
[2026-08-07T22:23:31.978Z] HTTPError: Service Unavailable
    at handleErrors (D:\mb-bot\node_modules\@discordjs\rest\dist\index.js:755:11)
    at SequentialHandler.runRequest (D:\mb-bot\node_modules\@discordjs\rest\dist\index.js:1163:29)
    at process.processTicksAndRejections (node:internal/process/task_queues:105:5)
    at async SequentialHandler.queueRequest (D:\mb-bot\node_modules\@discordjs\rest\dist\index.js:994:14)
    at async _REST.request (D:\mb-bot\node_modules\@discordjs\rest\dist\index.js:1307:22)
    at async GuildScheduledEventManager.fetch (D:\mb-bot\node_modules\discord.js\src\managers\GuildScheduledEventManager.js:167:18)
    at async Timeout._onTimeout (D:\mb-bot\index.js:121:22)
[2026-08-07T22:24:33.011Z] HTTPError: Service Unavailable
    at handleErrors (D:\mb-bot\node_modules\@discordjs\rest\dist\index.js:755:11)
    at SequentialHandler.runRequest (D:\mb-bot\node_modules\@discordjs\rest\dist\index.js:1163:29)
    at process.processTicksAndRejections (node:internal/process/task_queues:105:5)
    at async SequentialHandler.queueRequest (D:\mb-bot\node_modules\@discordjs\rest\dist\index.js:994:14)
    at async _REST.request (D:\mb-bot\node_modules\@discordjs\rest\dist\index.js:1307:22)
    at async GuildScheduledEventManager.fetchSubscribers (D:\mb-bot\node_modules\discord.js\src\managers\GuildScheduledEventManager.js:299:18)
    at async Timeout._onTimeout (D:\mb-bot\index.js:140:29)
[2026-08-07T22:25:32.031Z] HTTPError: Service Unavailable
    at handleErrors (D:\mb-bot\node_modules\@discordjs\rest\dist\index.js:755:11)
    at SequentialHandler.runRequest (D:\mb-bot\node_modules\@discordjs\rest\dist\index.js:1163:29)
    at process.processTicksAndRejections (node:internal/process/task_queues:105:5)
    at async SequentialHandler.queueRequest (D:\mb-bot\node_modules\@discordjs\rest\dist\index.js:994:14)
    at async _REST.request (D:\mb-bot\node_modules\@discordjs\rest\dist\index.js:1307:22)
    at async GuildScheduledEventManager.fetch (D:\mb-bot\node_modules\discord.js\src\managers\GuildScheduledEventManager.js:167:18)
    at async Timeout._onTimeout (D:\mb-bot\index.js:121:22)
[2026-08-07T22:27:26.016Z] HTTPError: Service Unavailable
    at handleErrors (D:\mb-bot\node_modules\@discordjs\rest\dist\index.js:755:11)
    at SequentialHandler.runRequest (D:\mb-bot\node_modules\@discordjs\rest\dist\index.js:1163:29)
    at process.processTicksAndRejections (node:internal/process/task_queues:105:5)
    at async SequentialHandler.queueRequest (D:\mb-bot\node_modules\@discordjs\rest\dist\index.js:994:14)
    at async _REST.request (D:\mb-bot\node_modules\@discordjs\rest\dist\index.js:1307:22)
    at async GuildScheduledEventManager.fetch (D:\mb-bot\node_modules\discord.js\src\managers\GuildScheduledEventManager.js:167:18)
    at async Timeout._onTimeout (D:\mb-bot\index.js:121:22)
[2026-08-07T22:28:29.298Z] HTTPError: Service Unavailable
    at handleErrors (D:\mb-bot\node_modules\@discordjs\rest\dist\index.js:755:11)
    at SequentialHandler.runRequest (D:\mb-bot\node_modules\@discordjs\rest\dist\index.js:1163:29)
    at process.processTicksAndRejections (node:internal/process/task_queues:105:5)
    at async SequentialHandler.queueRequest (D:\mb-bot\node_modules\@discordjs\rest\dist\index.js:994:14)
    at async _REST.request (D:\mb-bot\node_modules\@discordjs\rest\dist\index.js:1307:22)
    at async GuildScheduledEventManager.fetch (D:\mb-bot\node_modules\discord.js\src\managers\GuildScheduledEventManager.js:167:18)
    at async Timeout._onTimeout (D:\mb-bot\index.js:121:22)
[2026-08-07T22:29:26.007Z] HTTPError: Service Unavailable
    at handleErrors (D:\mb-bot\node_modules\@discordjs\rest\dist\index.js:755:11)
    at SequentialHandler.runRequest (D:\mb-bot\node_modules\@discordjs\rest\dist\index.js:1163:29)
    at process.processTicksAndRejections (node:internal/process/task_queues:105:5)
    at async SequentialHandler.queueRequest (D:\mb-bot\node_modules\@discordjs\rest\dist\index.js:994:14)
    at async _REST.request (D:\mb-bot\node_modules\@discordjs\rest\dist\index.js:1307:22)
    at async GuildScheduledEventManager.fetch (D:\mb-bot\node_modules\discord.js\src\managers\GuildScheduledEventManager.js:167:18)
    at async Timeout._onTimeout (D:\mb-bot\index.js:121:22)
[2026-08-08T23:11:58.517Z] DiscordAPIError[50278]: Cannot send messages to this user due to having no mutual guilds
    at handleErrors (D:\mb-bot\node_modules\@discordjs\rest\dist\index.js:762:13)
    at process.processTicksAndRejections (node:internal/process/task_queues:105:5)
    at async SequentialHandler.runRequest (D:\mb-bot\node_modules\@discordjs\rest\dist\index.js:1163:23)
    at async SequentialHandler.queueRequest (D:\mb-bot\node_modules\@discordjs\rest\dist\index.js:994:14)
    at async _REST.request (D:\mb-bot\node_modules\@discordjs\rest\dist\index.js:1307:22)
    at async DMChannel.send (D:\mb-bot\node_modules\discord.js\src\structures\interfaces\TextBasedChannel.js:195:15)
    at async Client.<anonymous> (D:\mb-bot\index.js:257:9)
[2026-08-09T08:52:19.527Z] ConnectTimeoutError: Connect Timeout Error (attempted address: discord.com:443, timeout: 10000ms)
    at onConnectTimeout (D:\mb-bot\node_modules\undici\lib\core\connect.js:237:24)
    at Immediate._onImmediate (D:\mb-bot\node_modules\undici\lib\core\connect.js:188:35)
    at process.processImmediate (node:internal/timers:485:21)
[2026-08-10T21:59:04.244Z] TypeError: Cannot read properties of null (reading 'roles')
    at Object.execute (D:\mb-bot\commands\help.js:39:56)
    at Client.<anonymous> (D:\mb-bot\index.js:302:21)
    at Client.emit (node:events:518:28)
    at MessageCreateAction.handle (D:\mb-bot\node_modules\discord.js\src\client\actions\MessageCreate.js:32:14)
    at module.exports [as MESSAGE_CREATE] (D:\mb-bot\node_modules\discord.js\src\client\websocket\handlers\MESSAGE_CREATE.js:4:32)
    at WebSocketManager.handlePacket (D:\mb-bot\node_modules\discord.js\src\client\websocket\WebSocketManager.js:352:31)
    at WebSocketManager.<anonymous> (D:\mb-bot\node_modules\discord.js\src\client\websocket\WebSocketManager.js:236:12)
    at WebSocketManager.emit (D:\mb-bot\node_modules\@vladfrangu\async_event_emitter\dist\index.cjs:287:31)
    at WebSocketShard.<anonymous> (D:\mb-bot\node_modules\@discordjs\ws\dist\index.js:1190:51)
    at WebSocketShard.emit (D:\mb-bot\node_modules\@vladfrangu\async_event_emitter\dist\index.cjs:287:31)
[2026-08-13T10:58:12.035Z] DiscordAPIError[50278]: Cannot send messages to this user due to having no mutual guilds
    at handleErrors (D:\mb-bot\node_modules\@discordjs\rest\dist\index.js:762:13)
    at process.processTicksAndRejections (node:internal/process/task_queues:105:5)
    at async SequentialHandler.runRequest (D:\mb-bot\node_modules\@discordjs\rest\dist\index.js:1163:23)
    at async SequentialHandler.queueRequest (D:\mb-bot\node_modules\@discordjs\rest\dist\index.js:994:14)
    at async _REST.request (D:\mb-bot\node_modules\@discordjs\rest\dist\index.js:1307:22)
    at async DMChannel.send (D:\mb-bot\node_modules\discord.js\src\structures\interfaces\TextBasedChannel.js:195:15)
    at async Timeout._onTimeout (D:\mb-bot\index.js:170:17)
[2026-08-13T12:00:10.634Z] DiscordAPIError[50278]: Cannot send messages to this user due to having no mutual guilds
    at handleErrors (D:\mb-bot\node_modules\@discordjs\rest\dist\index.js:762:13)
    at process.processTicksAndRejections (node:internal/process/task_queues:105:5)
    at async SequentialHandler.runRequest (D:\mb-bot\node_modules\@discordjs\rest\dist\index.js:1163:23)
    at async SequentialHandler.queueRequest (D:\mb-bot\node_modules\@discordjs\rest\dist\index.js:994:14)
    at async _REST.request (D:\mb-bot\node_modules\@discordjs\rest\dist\index.js:1307:22)
    at async DMChannel.send (D:\mb-bot\node_modules\discord.js\src\structures\interfaces\TextBasedChannel.js:195:15)
    at async Timeout._onTimeout (D:\mb-bot\index.js:192:15)
[2026-08-15T17:58:41.877Z] DiscordAPIError[50278]: Cannot send messages to this user due to having no mutual guilds
    at handleErrors (D:\mb-bot\node_modules\@discordjs\rest\dist\index.js:762:13)
    at process.processTicksAndRejections (node:internal/process/task_queues:105:5)
    at async SequentialHandler.runRequest (D:\mb-bot\node_modules\@discordjs\rest\dist\index.js:1163:23)
    at async SequentialHandler.queueRequest (D:\mb-bot\node_modules\@discordjs\rest\dist\index.js:994:14)
    at async _REST.request (D:\mb-bot\node_modules\@discordjs\rest\dist\index.js:1307:22)
    at async DMChannel.send (D:\mb-bot\node_modules\discord.js\src\structures\interfaces\TextBasedChannel.js:195:15)
    at async Timeout._onTimeout (D:\mb-bot\index.js:170:17)
[2026-08-15T19:00:44.643Z] DiscordAPIError[50278]: Cannot send messages to this user due to having no mutual guilds
    at handleErrors (D:\mb-bot\node_modules\@discordjs\rest\dist\index.js:762:13)
    at process.processTicksAndRejections (node:internal/process/task_queues:105:5)
    at async SequentialHandler.runRequest (D:\mb-bot\node_modules\@discordjs\rest\dist\index.js:1163:23)
    at async SequentialHandler.queueRequest (D:\mb-bot\node_modules\@discordjs\rest\dist\index.js:994:14)
    at async _REST.request (D:\mb-bot\node_modules\@discordjs\rest\dist\index.js:1307:22)
    at async DMChannel.send (D:\mb-bot\node_modules\discord.js\src\structures\interfaces\TextBasedChannel.js:195:15)
    at async Timeout._onTimeout (D:\mb-bot\index.js:192:15)
[2026-08-15T19:32:50.197Z] DiscordAPIError[50278]: Cannot send messages to this user due to having no mutual guilds
    at handleErrors (D:\mb-bot\node_modules\@discordjs\rest\dist\index.js:762:13)
    at process.processTicksAndRejections (node:internal/process/task_queues:105:5)
    at async SequentialHandler.runRequest (D:\mb-bot\node_modules\@discordjs\rest\dist\index.js:1163:23)
    at async SequentialHandler.queueRequest (D:\mb-bot\node_modules\@discordjs\rest\dist\index.js:994:14)
    at async _REST.request (D:\mb-bot\node_modules\@discordjs\rest\dist\index.js:1307:22)
    at async DMChannel.send (D:\mb-bot\node_modules\discord.js\src\structures\interfaces\TextBasedChannel.js:195:15)
    at async Client.<anonymous> (D:\mb-bot\index.js:257:9)
[2026-08-15T19:34:52.309Z] DiscordAPIError[50278]: Cannot send messages to this user due to having no mutual guilds
    at handleErrors (D:\mb-bot\node_modules\@discordjs\rest\dist\index.js:762:13)
    at process.processTicksAndRejections (node:internal/process/task_queues:105:5)
    at async SequentialHandler.runRequest (D:\mb-bot\node_modules\@discordjs\rest\dist\index.js:1163:23)
    at async SequentialHandler.queueRequest (D:\mb-bot\node_modules\@discordjs\rest\dist\index.js:994:14)
    at async _REST.request (D:\mb-bot\node_modules\@discordjs\rest\dist\index.js:1307:22)
    at async DMChannel.send (D:\mb-bot\node_modules\discord.js\src\structures\interfaces\TextBasedChannel.js:195:15)
    at async Client.<anonymous> (D:\mb-bot\index.js:257:9)
[2026-08-16T21:37:09.274Z] ConnectTimeoutError: Connect Timeout Error (attempted addresses: 162.159.137.232:443, timeout: 10000ms)
    at onConnectTimeout (D:\mb-bot\node_modules\undici\lib\core\connect.js:237:24)
    at Immediate._onImmediate (D:\mb-bot\node_modules\undici\lib\core\connect.js:188:35)
    at process.processImmediate (node:internal/timers:485:21)
[2026-08-19T07:19:26.516Z] ConnectTimeoutError: Connect Timeout Error (attempted addresses: 162.159.135.232:443, 162.159.138.232:443, 162.159.136.232:443, 162.159.137.232:443, 162.159.128.233:443, timeout: 10000ms)
    at onConnectTimeout (D:\mb-bot\node_modules\undici\lib\core\connect.js:237:24)
    at Immediate._onImmediate (D:\mb-bot\node_modules\undici\lib\core\connect.js:188:35)
    at process.processImmediate (node:internal/timers:485:21)
[2026-08-21T12:26:43.804Z] Error: getaddrinfo ENOTFOUND discord.com
    at GetAddrInfoReqWrap.onlookupall [as oncomplete] (node:dns:122:26)
[2026-08-21T12:27:43.414Z] Error: getaddrinfo ENOTFOUND discord.com
    at GetAddrInfoReqWrap.onlookupall [as oncomplete] (node:dns:122:26)
[2026-08-23T05:48:36.513Z] Error: getaddrinfo ENOTFOUND discord.com
    at GetAddrInfoReqWrap.onlookupall [as oncomplete] (node:dns:122:26)
[2026-08-23T16:22:18.888Z] DiscordAPIError[50278]: Cannot send messages to this user due to having no mutual guilds
    at handleErrors (D:\mb-bot\node_modules\@discordjs\rest\dist\index.js:762:13)
    at process.processTicksAndRejections (node:internal/process/task_queues:105:5)
    at async SequentialHandler.runRequest (D:\mb-bot\node_modules\@discordjs\rest\dist\index.js:1163:23)
    at async SequentialHandler.queueRequest (D:\mb-bot\node_modules\@discordjs\rest\dist\index.js:994:14)
    at async _REST.request (D:\mb-bot\node_modules\@discordjs\rest\dist\index.js:1307:22)
    at async DMChannel.send (D:\mb-bot\node_modules\discord.js\src\structures\interfaces\TextBasedChannel.js:195:15)
    at async Client.<anonymous> (D:\mb-bot\index.js:257:9)
[2026-08-26T17:58:22.694Z] DiscordAPIError[50278]: Cannot send messages to this user due to having no mutual guilds
    at handleErrors (D:\mb-bot\node_modules\@discordjs\rest\dist\index.js:762:13)
    at process.processTicksAndRejections (node:internal/process/task_queues:105:5)
    at async SequentialHandler.runRequest (D:\mb-bot\node_modules\@discordjs\rest\dist\index.js:1163:23)
    at async SequentialHandler.queueRequest (D:\mb-bot\node_modules\@discordjs\rest\dist\index.js:994:14)
    at async _REST.request (D:\mb-bot\node_modules\@discordjs\rest\dist\index.js:1307:22)
    at async DMChannel.send (D:\mb-bot\node_modules\discord.js\src\structures\interfaces\TextBasedChannel.js:195:15)
    at async Timeout._onTimeout (D:\mb-bot\index.js:170:17)
[2026-08-26T19:00:25.111Z] DiscordAPIError[50278]: Cannot send messages to this user due to having no mutual guilds
    at handleErrors (D:\mb-bot\node_modules\@discordjs\rest\dist\index.js:762:13)
    at process.processTicksAndRejections (node:internal/process/task_queues:105:5)
    at async SequentialHandler.runRequest (D:\mb-bot\node_modules\@discordjs\rest\dist\index.js:1163:23)
    at async SequentialHandler.queueRequest (D:\mb-bot\node_modules\@discordjs\rest\dist\index.js:994:14)
    at async _REST.request (D:\mb-bot\node_modules\@discordjs\rest\dist\index.js:1307:22)
    at async DMChannel.send (D:\mb-bot\node_modules\discord.js\src\structures\interfaces\TextBasedChannel.js:195:15)
    at async Timeout._onTimeout (D:\mb-bot\index.js:192:15)
[2026-08-26T19:06:14.553Z] DiscordAPIError[50278]: Cannot send messages to this user due to having no mutual guilds
    at handleErrors (D:\mb-bot\node_modules\@discordjs\rest\dist\index.js:762:13)
    at process.processTicksAndRejections (node:internal/process/task_queues:105:5)
    at async SequentialHandler.runRequest (D:\mb-bot\node_modules\@discordjs\rest\dist\index.js:1163:23)
    at async SequentialHandler.queueRequest (D:\mb-bot\node_modules\@discordjs\rest\dist\index.js:994:14)
    at async _REST.request (D:\mb-bot\node_modules\@discordjs\rest\dist\index.js:1307:22)
    at async DMChannel.send (D:\mb-bot\node_modules\discord.js\src\structures\interfaces\TextBasedChannel.js:195:15)
    at async Client.<anonymous> (D:\mb-bot\index.js:257:9)
[2026-08-26T19:33:41.318Z] DiscordAPIError[50278]: Cannot send messages to this user due to having no mutual guilds
    at handleErrors (D:\mb-bot\node_modules\@discordjs\rest\dist\index.js:762:13)
    at process.processTicksAndRejections (node:internal/process/task_queues:105:5)
    at async SequentialHandler.runRequest (D:\mb-bot\node_modules\@discordjs\rest\dist\index.js:1163:23)
    at async SequentialHandler.queueRequest (D:\mb-bot\node_modules\@discordjs\rest\dist\index.js:994:14)
    at async _REST.request (D:\mb-bot\node_modules\@discordjs\rest\dist\index.js:1307:22)
    at async DMChannel.send (D:\mb-bot\node_modules\discord.js\src\structures\interfaces\TextBasedChannel.js:195:15)
    at async Client.<anonymous> (D:\mb-bot\index.js:257:9)
[2026-08-29T09:42:52.122Z] Error: getaddrinfo ENOTFOUND discord.com
    at GetAddrInfoReqWrap.onlookupall [as oncomplete] (node:dns:122:26)
[2026-08-29T16:58:58.582Z] DiscordAPIError[50278]: Cannot send messages to this user due to having no mutual guilds
    at handleErrors (D:\mb-bot\node_modules\@discordjs\rest\dist\index.js:762:13)
    at process.processTicksAndRejections (node:internal/process/task_queues:105:5)
    at async SequentialHandler.runRequest (D:\mb-bot\node_modules\@discordjs\rest\dist\index.js:1163:23)
    at async SequentialHandler.queueRequest (D:\mb-bot\node_modules\@discordjs\rest\dist\index.js:994:14)
    at async _REST.request (D:\mb-bot\node_modules\@discordjs\rest\dist\index.js:1307:22)
    at async DMChannel.send (D:\mb-bot\node_modules\discord.js\src\structures\interfaces\TextBasedChannel.js:195:15)
    at async Timeout._onTimeout (D:\mb-bot\index.js:170:17)
[2026-08-29T18:00:58.267Z] DiscordAPIError[50278]: Cannot send messages to this user due to having no mutual guilds
    at handleErrors (D:\mb-bot\node_modules\@discordjs\rest\dist\index.js:762:13)
    at process.processTicksAndRejections (node:internal/process/task_queues:105:5)
    at async SequentialHandler.runRequest (D:\mb-bot\node_modules\@discordjs\rest\dist\index.js:1163:23)
    at async SequentialHandler.queueRequest (D:\mb-bot\node_modules\@discordjs\rest\dist\index.js:994:14)
    at async _REST.request (D:\mb-bot\node_modules\@discordjs\rest\dist\index.js:1307:22)
    at async DMChannel.send (D:\mb-bot\node_modules\discord.js\src\structures\interfaces\TextBasedChannel.js:195:15)
    at async Timeout._onTimeout (D:\mb-bot\index.js:192:15)
[2026-08-29T18:55:18.374Z] DiscordAPIError[50278]: Cannot send messages to this user due to having no mutual guilds
    at handleErrors (D:\mb-bot\node_modules\@discordjs\rest\dist\index.js:762:13)
    at process.processTicksAndRejections (node:internal/process/task_queues:105:5)
    at async SequentialHandler.runRequest (D:\mb-bot\node_modules\@discordjs\rest\dist\index.js:1163:23)
    at async SequentialHandler.queueRequest (D:\mb-bot\node_modules\@discordjs\rest\dist\index.js:994:14)
    at async _REST.request (D:\mb-bot\node_modules\@discordjs\rest\dist\index.js:1307:22)
    at async DMChannel.send (D:\mb-bot\node_modules\discord.js\src\structures\interfaces\TextBasedChannel.js:195:15)
    at async Client.<anonymous> (D:\mb-bot\index.js:257:9)
[2026-09-02T08:51:25.641Z] Error: getaddrinfo ENOTFOUND discord.com
    at GetAddrInfoReqWrap.onlookupall [as oncomplete] (node:dns:122:26)
[2026-09-02T08:52:25.640Z] Error: getaddrinfo ENOTFOUND discord.com
    at GetAddrInfoReqWrap.onlookupall [as oncomplete] (node:dns:122:26)
[2026-09-02T17:58:28.418Z] DiscordAPIError[50278]: Cannot send messages to this user due to having no mutual guilds
    at handleErrors (D:\mb-bot\node_modules\@discordjs\rest\dist\index.js:762:13)
    at process.processTicksAndRejections (node:internal/process/task_queues:105:5)
    at async SequentialHandler.runRequest (D:\mb-bot\node_modules\@discordjs\rest\dist\index.js:1163:23)
    at async SequentialHandler.queueRequest (D:\mb-bot\node_modules\@discordjs\rest\dist\index.js:994:14)
    at async _REST.request (D:\mb-bot\node_modules\@discordjs\rest\dist\index.js:1307:22)
    at async DMChannel.send (D:\mb-bot\node_modules\discord.js\src\structures\interfaces\TextBasedChannel.js:195:15)
    at async Timeout._onTimeout (D:\mb-bot\index.js:175:17)
[2026-09-02T19:00:28.443Z] DiscordAPIError[50278]: Cannot send messages to this user due to having no mutual guilds
    at handleErrors (D:\mb-bot\node_modules\@discordjs\rest\dist\index.js:762:13)
    at process.processTicksAndRejections (node:internal/process/task_queues:105:5)
    at async SequentialHandler.runRequest (D:\mb-bot\node_modules\@discordjs\rest\dist\index.js:1163:23)
    at async SequentialHandler.queueRequest (D:\mb-bot\node_modules\@discordjs\rest\dist\index.js:994:14)
    at async _REST.request (D:\mb-bot\node_modules\@discordjs\rest\dist\index.js:1307:22)
    at async DMChannel.send (D:\mb-bot\node_modules\discord.js\src\structures\interfaces\TextBasedChannel.js:195:15)
    at async Timeout._onTimeout (D:\mb-bot\index.js:197:15)
[2026-09-06T00:19:47.834Z] DiscordAPIError[50278]: Cannot send messages to this user due to having no mutual guilds
    at handleErrors (D:\mb-bot\node_modules\@discordjs\rest\dist\index.js:762:13)
    at process.processTicksAndRejections (node:internal/process/task_queues:105:5)
    at async SequentialHandler.runRequest (D:\mb-bot\node_modules\@discordjs\rest\dist\index.js:1163:23)
    at async SequentialHandler.queueRequest (D:\mb-bot\node_modules\@discordjs\rest\dist\index.js:994:14)
    at async _REST.request (D:\mb-bot\node_modules\@discordjs\rest\dist\index.js:1307:22)
    at async DMChannel.send (D:\mb-bot\node_modules\discord.js\src\structures\interfaces\TextBasedChannel.js:195:15)
    at async Client.<anonymous> (D:\mb-bot\index.js:262:9)
